Timestamp,AMBIENT_TEMP,COLD_TEMP,HOT_TEMP
2024-07-03 14:06:32,68.54,70.52,106.88
2024-08-09 10:06:20,69.08,69.62,69.08
2024-08-09 10:07:20,69.08,69.62,115.16
2024-08-09 10:08:19,69.08,69.62,114.62
2024-08-09 10:09:19,69.08,69.62,113.9
2024-08-09 10:10:19,69.08,69.62,112.82
2024-08-09 10:11:18,69.08,69.62,111.74
2024-08-09 10:12:18,69.08,69.8,110.48
2024-08-09 10:13:18,69.08,69.8,109.04
2024-08-09 10:14:18,69.08,69.8,107.6
2024-08-09 10:15:17,69.08,69.8,106.16
2024-08-09 10:16:17,69.08,69.8,105.08
2024-08-09 10:17:17,69.08,69.8,103.82
2024-08-09 10:18:16,69.08,69.8,102.56
2024-08-09 10:19:16,69.08,69.8,101.48
2024-08-09 10:20:16,69.08,69.98,100.22
2024-08-09 10:21:15,69.08,69.98,99.32
2024-08-09 10:22:15,69.08,69.98,98.24
2024-08-09 10:23:15,69.08,69.98,97.16
2024-08-09 10:24:14,69.08,69.98,96.44
2024-08-09 10:25:14,69.26,69.98,95.36
2024-08-09 10:26:14,69.44,69.98,94.64
2024-08-09 10:27:13,69.44,69.98,93.92
2024-08-09 10:28:13,69.26,69.98,93.02
2024-08-09 10:29:13,69.08,69.98,92.3
2024-08-09 10:30:12,69.08,69.98,91.58
2024-08-09 10:31:12,69.08,69.98,90.86
2024-08-09 10:32:12,69.08,69.98,90.14
2024-08-09 10:33:11,69.08,69.98,89.42
2024-08-09 10:34:11,69.08,69.98,88.88
2024-08-09 10:35:11,69.08,69.98,88.34
2024-08-09 10:36:10,69.08,69.98,87.8
2024-08-09 10:37:10,69.08,69.98,87.26
2024-08-09 10:38:10,69.08,69.98,86.72
2024-08-09 10:39:10,69.08,69.98,86.18
2024-08-09 10:40:09,69.08,69.98,85.64
2024-08-09 10:41:09,69.08,69.98,85.28
2024-08-09 10:42:09,69.08,69.98,84.74
2024-08-09 10:43:08,68.9,69.98,84.38
2024-08-09 10:44:08,68.9,69.98,84.02
2024-08-09 10:45:08,69.08,69.98,83.48
2024-08-09 10:46:07,69.08,69.98,83.12
2024-08-09 10:47:07,69.26,72.32,82.76
2024-08-09 10:48:07,69.26,72.32,82.4
2024-08-09 10:49:06,69.26,72.32,82.04
2024-08-09 10:50:06,69.44,72.32,81.86
2024-08-09 10:51:06,69.44,72.32,81.5
2024-08-09 10:52:05,69.44,72.32,81.32
2024-08-09 10:53:05,69.26,72.32,80.96
2024-08-09 10:54:05,69.44,72.32,80.78
2024-08-09 10:55:04,69.26,72.32,80.42
2024-08-09 10:56:04,69.26,72.32,80.24
2024-08-09 10:57:04,69.26,72.32,80.06
2024-08-09 10:58:04,69.26,72.32,79.88
2024-08-09 10:59:03,69.08,72.14,79.52
2024-08-09 11:00:03,69.08,72.14,79.34
2024-08-09 11:01:02,69.08,72.14,79.16
2024-08-09 11:02:02,69.08,71.96,78.98
2024-08-09 11:03:02,69.08,71.96,78.62
2024-08-09 11:04:02,69.08,71.96,78.44
2024-08-09 11:05:01,69.08,71.78,78.26
2024-08-09 11:06:01,69.08,71.78,78.08
2024-08-09 11:07:01,68.9,71.78,77.9
2024-08-09 11:08:00,68.72,71.78,77.72
2024-08-09 11:09:00,68.72,71.6,77.36
2024-08-09 11:10:00,68.72,71.6,77.36
2024-08-09 11:10:59,68.72,71.06,77.18
2024-08-09 11:11:59,68.54,70.7,76.82
2024-08-09 11:12:59,68.36,70.52,76.82
2024-08-09 11:13:58,68.36,70.52,76.64
2024-08-09 11:14:58,68.36,71.96,112.64
2024-08-09 11:15:58,68.36,73.4,119.84
2024-08-09 11:16:57,68.36,73.4,119.3
2024-08-09 11:17:57,68.36,73.4,118.58
2024-08-09 11:18:57,68.36,73.4,117.32
2024-08-09 11:19:56,68.36,73.04,115.88
2024-08-09 11:20:56,68.36,73.04,114.44
2024-08-09 11:21:56,68.36,72.68,112.82
2024-08-09 11:22:55,68.36,72.68,111.2
2024-08-09 11:23:55,68.36,72.32,109.58
2024-08-09 11:24:55,68.36,71.96,107.96
2024-08-09 11:25:54,68.36,71.96,106.52
2024-08-09 11:26:54,68.36,71.96,105.08
2024-08-09 11:27:54,68.36,71.96,103.64
2024-08-09 11:28:53,68.36,71.96,102.38
2024-08-09 11:29:53,68.36,71.78,100.94
2024-08-09 11:30:53,68.18,71.78,99.68
2024-08-09 11:31:52,68.18,71.78,98.42
2024-08-09 11:32:52,68.18,71.6,97.16
2024-08-09 11:33:52,68.18,71.42,96.08
2024-08-09 11:34:52,68.0,71.24,94.82
2024-08-09 11:35:51,68.0,70.88,93.92
2024-08-09 11:36:51,68.0,68.72,92.84
2024-08-09 11:37:50,68.18,68.72,91.58
2024-08-09 11:38:50,68.36,68.36,90.68
2024-08-09 11:39:50,68.18,68.36,89.78
2024-08-09 11:40:50,68.18,68.9,88.88
2024-08-09 11:41:49,68.18,68.72,87.98
2024-08-09 11:42:49,68.0,68.36,87.08
2024-08-09 11:43:49,68.0,68.18,86.18
2024-08-09 11:44:48,68.0,67.82,85.28
2024-08-09 11:45:48,68.18,67.1,84.56
2024-08-09 11:46:48,68.18,66.92,83.84
2024-08-09 11:47:47,68.0,66.56,83.12
2024-08-09 11:48:47,68.18,66.38,82.22
2024-08-09 11:49:47,68.18,66.2,81.68
2024-08-09 11:50:46,68.18,66.02,80.96
2024-08-09 11:51:46,68.18,65.84,80.42
2024-08-09 11:52:46,68.18,65.66,79.88
2024-08-09 11:53:45,68.18,65.3,79.34
2024-08-09 11:54:45,68.18,65.12,78.98
2024-08-09 11:55:45,68.36,65.12,78.44
2024-08-09 11:56:44,68.36,64.76,78.08
2024-08-09 11:57:44,68.36,64.58,77.54
2024-08-09 11:58:44,68.36,64.4,77.18
2024-08-09 11:59:44,68.36,64.4,76.82
2024-08-09 12:00:43,68.36,63.68,76.28
2024-08-09 12:01:43,68.36,63.5,75.92
2024-08-09 12:02:43,68.36,63.32,75.56
2024-08-09 12:03:42,68.36,63.68,75.2
2024-08-09 12:04:42,68.36,64.22,74.84
2024-08-09 12:05:42,68.36,63.86,74.48
2024-08-09 12:06:41,68.36,63.68,74.12
2024-08-09 12:07:41,68.36,63.68,73.76
2024-08-09 12:08:41,68.36,63.32,73.4
2024-08-09 12:09:40,68.18,63.68,73.22
2024-08-09 12:10:40,68.18,63.5,72.86
2024-08-09 12:11:40,68.36,63.68,72.68
2024-08-09 12:12:39,68.36,63.5,72.32
2024-08-09 12:13:39,68.36,63.68,72.14
2024-08-09 12:14:39,68.36,63.68,71.96
2024-08-09 12:15:38,68.36,63.68,71.78
2024-08-09 12:16:38,68.36,63.86,71.78
2024-08-09 12:17:38,68.54,64.04,71.6
2024-08-09 12:18:38,68.54,64.22,71.42
2024-08-09 12:19:37,68.54,64.22,71.42
2024-08-09 12:20:37,68.54,64.58,71.42
2024-08-09 12:21:37,68.54,64.58,71.42
2024-08-09 12:22:36,68.54,64.58,71.24
2024-08-09 12:23:36,68.54,64.76,71.24
2024-08-09 12:24:36,68.54,64.76,71.24
2024-08-09 12:25:35,68.54,65.12,71.24
2024-08-09 12:26:35,68.54,65.48,71.06
2024-08-09 12:27:35,68.36,65.48,70.88
2024-08-09 12:28:34,68.36,65.48,70.88
2024-08-09 12:29:34,68.36,65.48,70.52
2024-08-09 12:30:34,68.36,65.3,70.52
2024-08-09 12:31:33,68.36,65.3,70.34
2024-08-09 12:32:33,68.36,65.12,70.16
2024-08-09 12:33:33,68.36,65.12,70.16
2024-08-09 12:34:32,68.36,65.48,69.98
2024-08-09 12:35:32,68.36,87.98,122.36
2024-08-09 12:36:32,68.36,79.88,123.62
2024-08-09 12:37:31,68.36,79.7,122.72
2024-08-09 12:38:31,68.36,79.52,121.64
2024-08-09 12:39:31,68.54,79.52,120.02
2024-08-09 12:40:30,68.72,79.16,118.04
2024-08-09 12:41:30,68.54,78.26,116.06
2024-08-09 12:42:30,68.54,78.08,114.08
2024-08-09 12:43:30,68.72,76.82,112.28
2024-08-09 12:44:29,68.72,76.82,110.66
2024-08-09 12:45:29,68.72,76.64,109.04
2024-08-09 12:46:29,68.72,76.64,107.42
2024-08-09 12:47:28,68.72,76.46,105.98
2024-08-09 12:48:28,68.9,76.28,104.54
2024-08-09 12:49:28,68.9,76.28,103.1
2024-08-09 12:50:27,68.9,76.28,101.48
2024-08-09 12:51:27,68.9,75.92,100.22
2024-08-09 12:52:27,68.72,75.38,98.78
2024-08-09 12:53:26,68.72,75.2,97.34
2024-08-09 12:54:26,68.72,74.84,96.08
2024-08-09 12:55:26,68.72,73.58,94.64
2024-08-09 12:56:26,68.72,73.58,93.38
2024-08-09 12:57:25,68.9,73.04,92.12
2024-08-09 12:58:25,68.72,72.5,91.04
2024-08-09 12:59:25,68.72,72.14,89.96
2024-08-09 13:00:24,68.72,71.78,88.88
2024-08-09 13:01:24,68.72,71.42,87.8
2024-08-09 13:02:24,68.72,70.88,86.9
2024-08-09 13:03:23,68.72,70.52,86.0
2024-08-09 13:04:23,68.72,70.16,85.28
2024-08-09 13:05:23,68.72,69.8,84.38
2024-08-09 13:06:22,68.9,69.44,83.66
2024-08-09 13:07:22,68.9,69.44,82.94
2024-08-09 13:08:22,68.9,68.72,82.22
2024-08-09 13:09:21,68.9,68.36,81.68
2024-08-09 13:10:21,68.9,68.36,80.96
2024-08-09 13:11:21,68.9,68.36,80.42
2024-08-09 13:12:20,69.08,68.54,79.88
2024-08-09 13:13:20,69.08,68.18,79.16
2024-08-09 13:14:20,69.08,68.0,78.8
2024-08-09 13:15:19,69.08,67.82,78.44
2024-08-09 13:16:19,69.08,67.46,77.9
2024-08-09 13:17:19,69.26,67.28,77.36
2024-08-09 13:18:18,69.08,67.28,77.0
2024-08-09 13:19:18,69.26,66.92,76.64
2024-08-09 13:20:18,69.26,66.74,76.28
2024-08-09 13:21:18,69.26,66.56,75.92
2024-08-09 13:22:17,69.08,66.56,75.38
2024-08-09 13:23:17,69.08,66.56,75.02
2024-08-09 13:24:17,69.08,66.56,74.84
2024-08-09 13:25:16,69.08,66.38,74.48
2024-08-09 13:26:16,69.08,66.2,74.12
2024-08-09 13:27:16,69.08,66.02,73.76
2024-08-09 13:28:15,69.08,65.3,73.58
2024-08-09 13:29:15,69.08,65.3,73.22
2024-08-09 13:30:15,69.08,65.12,73.04
2024-08-09 13:31:14,69.08,65.12,72.68
2024-08-09 13:32:14,69.08,65.84,72.5
2024-08-09 13:33:14,69.08,65.66,72.14
2024-08-09 13:34:14,69.08,65.48,71.96
2024-08-09 13:35:13,69.08,65.12,71.78
2024-08-09 13:36:13,69.08,64.94,71.42
2024-08-09 13:37:13,69.08,64.94,71.24
2024-08-09 13:38:12,69.08,65.12,71.24
2024-08-09 13:39:12,69.08,65.12,70.88
2024-08-09 13:40:12,69.08,64.94,70.7
2024-08-09 13:41:11,69.26,64.76,70.52
2024-08-09 13:42:11,69.08,64.94,70.34
2024-08-09 13:43:11,69.26,64.76,70.16
2024-08-09 13:44:10,69.08,64.94,69.98
2024-08-09 13:45:10,69.26,64.76,69.8
2024-08-09 13:46:10,69.26,64.58,69.62
2024-08-09 13:47:10,69.26,64.94,69.62
2024-08-09 13:48:09,69.26,65.3,69.62
2024-08-09 13:49:09,69.44,65.48,69.44
2024-08-09 13:50:09,69.44,65.48,69.44
2024-08-09 13:51:08,69.26,65.66,69.44
2024-08-09 13:52:08,69.26,65.84,69.62
2024-08-09 13:53:08,69.26,66.02,69.62
2024-08-09 13:54:07,69.44,66.2,69.62
2024-08-09 13:55:07,69.44,66.2,69.62
2024-08-09 13:56:07,69.44,66.74,69.62
2024-08-09 13:57:06,69.44,66.92,69.62
2024-08-09 13:58:06,69.44,67.1,69.62
2024-08-09 13:59:06,69.44,67.28,69.62
2024-08-09 14:00:05,69.26,67.28,69.62
2024-08-09 14:01:05,69.08,67.28,69.62
2024-08-09 14:02:05,69.08,67.46,69.8
2024-08-09 14:03:04,69.26,67.64,69.8
2024-08-09 14:04:04,69.26,85.82,125.42
2024-08-09 14:05:04,69.08,77.36,123.98
2024-08-09 14:06:03,69.26,77.18,123.26
2024-08-09 14:07:03,69.08,77.0,122.18
2024-08-09 14:08:03,69.26,77.0,120.74
2024-08-09 14:09:02,69.26,76.82,118.94
2024-08-09 14:10:02,69.08,76.82,116.96
2024-08-09 14:11:02,69.08,75.92,114.98
2024-08-09 14:12:01,69.08,75.92,113.0
2024-08-09 14:13:01,68.9,75.74,111.02
2024-08-09 14:14:01,68.9,75.38,109.22
2024-08-09 14:15:00,68.9,75.38,107.42
2024-08-09 14:16:00,69.08,75.38,105.62
2024-08-09 14:17:00,68.9,75.02,103.82
2024-08-09 14:18:00,68.9,74.12,101.84
2024-08-09 14:18:59,68.72,73.58,100.22
2024-08-09 14:19:59,68.72,73.22,98.42
2024-08-09 14:20:59,68.72,73.04,96.98
2024-08-09 14:21:58,68.72,72.5,95.72
2024-08-09 14:22:58,68.72,72.32,94.28
2024-08-09 14:23:58,68.72,71.78,93.02
2024-08-09 14:24:57,68.72,71.42,91.76
2024-08-09 14:25:57,68.72,71.42,90.86
2024-08-09 14:26:57,68.9,71.42,89.96
2024-08-09 14:27:56,68.72,71.24,89.24
2024-08-09 14:28:56,68.9,71.42,88.52
2024-08-09 14:29:56,69.08,71.42,87.98
2024-08-09 14:30:55,69.08,71.06,87.44
2024-08-09 14:31:55,69.08,71.24,86.72
2024-08-09 14:32:55,69.08,71.24,86.18
2024-08-09 14:33:54,69.08,71.24,85.82
2024-08-09 14:34:54,68.9,71.42,85.28
2024-08-09 14:35:54,68.9,71.6,84.92
2024-08-09 14:36:53,68.9,71.6,84.38
2024-08-09 14:37:53,68.72,71.6,83.84
2024-08-09 14:38:53,68.72,71.42,83.48
2024-08-09 14:39:52,68.72,71.24,82.94
2024-08-09 14:40:52,68.72,71.06,82.58
2024-08-09 14:41:52,68.72,70.88,82.04
2024-08-09 14:42:51,68.72,70.7,81.5
2024-08-09 14:43:51,68.72,70.34,80.96
2024-08-09 14:44:51,68.72,70.16,80.42
2024-08-09 14:45:50,68.9,69.98,80.06
2024-08-09 14:46:50,68.72,69.62,79.52
2024-08-09 14:47:50,68.72,69.44,79.16
2024-08-09 14:48:50,68.72,69.08,78.62
2024-08-09 14:49:49,68.72,68.72,78.26
2024-08-09 14:50:49,68.72,67.64,77.72
2024-08-09 14:51:49,68.72,67.64,77.36
2024-08-09 14:52:48,68.72,67.46,77.18
2024-08-09 14:53:48,68.9,68.0,76.64
2024-08-09 14:54:48,68.9,68.0,76.28
2024-08-09 14:55:47,68.9,67.64,75.92
2024-08-09 14:56:47,68.9,67.46,75.56
2024-08-09 14:57:47,68.9,75.92,119.12
2024-08-09 14:58:46,68.9,75.02,121.1
2024-08-09 14:59:46,68.9,74.84,120.02
2024-08-09 15:00:46,68.72,74.66,118.76
2024-08-09 15:01:45,68.72,74.12,116.96
2024-08-09 15:02:45,68.72,73.76,114.98
2024-08-09 15:03:45,68.72,73.58,112.82
2024-08-09 15:04:45,68.72,73.22,110.84
2024-08-09 15:05:44,68.72,73.04,108.68
2024-08-09 15:06:44,68.72,72.32,106.52
2024-08-09 15:07:44,68.72,72.32,104.54
2024-08-09 15:08:43,68.72,71.06,102.74
2024-08-09 15:09:43,68.72,70.88,100.94
2024-08-09 15:10:43,68.72,70.7,99.14
2024-08-09 15:11:42,68.72,70.52,97.52
2024-08-09 15:12:42,68.72,70.16,96.08
2024-08-09 15:13:42,68.72,70.16,94.82
2024-08-09 15:14:41,68.72,70.52,93.38
2024-08-09 15:15:41,68.72,70.34,92.12
2024-08-09 15:16:41,68.72,69.98,90.86
2024-08-09 15:17:40,68.72,69.98,89.78
2024-08-09 15:18:40,68.72,69.62,88.52
2024-08-09 15:19:40,68.72,69.44,87.62
2024-08-09 15:20:40,68.72,69.26,86.72
2024-08-09 15:21:39,68.72,68.9,85.82
2024-08-09 15:22:39,68.72,68.72,84.92
2024-08-09 15:23:39,68.72,68.36,84.02
2024-08-09 15:24:38,68.72,68.36,83.3
2024-08-09 15:25:38,68.72,67.82,82.58
2024-08-09 15:26:38,68.72,67.64,82.04
2024-08-09 15:27:37,68.72,67.46,81.32
2024-08-09 15:28:37,68.72,67.28,80.6
2024-08-09 15:29:37,68.72,66.92,80.06
2024-08-09 15:30:36,68.54,66.38,79.52
2024-08-09 15:31:36,68.72,66.2,78.98
2024-08-09 15:32:36,68.54,66.02,78.44
2024-08-09 15:33:35,68.54,66.38,77.9
2024-08-09 15:34:35,68.72,66.74,77.36
2024-08-09 15:35:35,68.54,66.56,77.0
2024-08-09 15:36:35,68.54,66.38,76.64
2024-08-09 15:37:35,68.72,66.2,76.28
2024-08-09 15:38:35,68.54,66.02,75.74
2024-08-09 15:39:34,68.54,66.2,75.38
2024-08-09 15:40:34,68.54,66.02,75.02
2024-08-09 15:41:34,68.54,66.02,74.84
2024-08-09 15:42:33,68.54,66.02,74.48
2024-08-09 15:43:33,68.54,65.84,74.12
2024-08-09 15:44:33,68.54,65.84,73.76
2024-08-09 15:45:32,68.54,65.48,73.58
2024-08-09 15:46:32,68.54,65.3,73.22
2024-08-09 15:47:32,68.54,65.12,73.04
2024-08-09 15:48:32,68.36,64.22,72.68
2024-08-09 15:49:31,68.54,64.76,72.5
2024-08-09 15:50:31,68.54,64.76,72.32
2024-08-09 15:51:31,68.54,64.58,71.96
2024-08-09 15:52:30,68.54,68.72,71.78
2024-08-09 15:53:30,68.54,68.72,71.6
2024-08-09 15:54:30,68.72,68.72,71.42
2024-08-09 15:55:29,68.72,68.9,71.24
2024-08-09 15:56:29,68.54,68.54,71.24
2024-08-09 15:57:29,68.72,70.52,71.06
2024-08-09 15:58:28,68.54,70.34,70.88
2024-08-09 15:59:28,68.54,70.16,70.88
2024-08-09 16:00:28,68.54,69.98,70.7
2024-08-09 16:01:27,68.54,69.44,70.52
2024-08-09 16:02:27,68.54,69.44,70.52
2024-08-09 16:03:27,68.54,69.08,70.34
2024-08-09 16:04:26,68.54,68.9,70.16
2024-08-09 16:05:26,68.54,68.72,70.16
2024-08-09 16:06:26,68.54,68.54,70.16
2024-08-09 16:07:25,68.54,68.18,69.98
2024-08-09 16:08:25,68.54,68.18,69.98
2024-08-09 16:09:25,68.36,68.0,69.8
2024-08-09 16:10:24,68.36,67.82,69.8
2024-08-09 16:11:24,68.36,68.18,69.62
2024-08-09 16:12:24,68.36,67.82,69.62
2024-08-09 16:13:23,68.36,67.64,69.62
2024-08-09 16:14:23,68.36,67.64,69.62
2024-08-09 16:15:23,68.36,67.46,69.62
2024-08-09 16:16:22,68.36,67.28,69.44
2024-08-09 16:17:22,68.54,67.46,69.44
2024-08-09 16:18:22,68.36,67.28,69.44
2024-08-09 16:19:21,68.36,67.28,69.44
2024-08-09 16:20:21,68.36,67.1,69.44
2024-08-09 16:21:21,68.36,67.1,69.44
2024-08-09 16:22:20,68.36,66.92,69.44
2024-08-09 16:23:20,68.36,66.92,69.44
2024-08-09 16:24:20,68.36,66.92,69.44
2024-08-09 16:25:20,68.36,66.92,69.62
2024-08-09 16:26:19,68.54,67.28,69.62
2024-08-09 16:27:19,68.54,67.28,69.62
2024-08-09 16:28:19,68.36,67.46,69.98
2024-08-09 16:29:18,68.18,67.46,69.98
2024-08-09 16:30:18,68.18,67.82,69.98
2024-08-09 16:31:18,68.18,68.18,70.16
2024-08-09 16:32:17,68.18,68.36,70.16
2024-08-09 16:33:17,68.36,68.36,70.16
2024-08-09 16:34:17,68.36,68.54,70.34
2024-08-09 16:35:16,68.18,68.54,70.52
2024-08-09 16:36:16,68.18,68.72,70.52
2024-08-09 16:37:16,68.18,68.72,70.52
2024-08-09 16:38:15,68.18,68.72,70.7
2024-08-09 16:39:15,68.18,68.9,70.88
2024-08-09 16:40:15,68.36,69.08,70.88
2024-08-09 16:41:14,68.36,69.08,71.06
2024-08-09 16:42:14,68.36,69.08,71.06
2024-08-09 16:43:14,68.54,69.26,71.24
2024-08-09 16:44:13,68.54,69.26,71.24
2024-08-09 16:45:13,68.54,69.44,71.24
2024-08-09 16:46:13,68.54,69.44,71.42
2024-08-09 16:47:12,68.36,69.26,71.42
2024-08-09 16:48:12,68.54,69.44,71.42
2024-08-09 16:49:12,68.36,69.44,71.6
2024-08-09 16:50:11,68.54,69.44,71.6
2024-08-09 16:51:11,68.36,69.62,71.78
2024-08-09 16:52:11,68.36,69.62,71.78
2024-08-09 16:53:10,68.36,69.8,71.78
2024-08-09 16:54:10,68.36,69.98,71.78
2024-08-09 16:55:10,68.36,69.98,71.78
2024-08-09 16:56:10,68.54,69.98,71.96
2024-08-09 16:57:09,68.54,69.98,71.96
2024-08-09 16:58:09,68.36,69.98,71.96
2024-08-09 16:59:09,68.36,69.98,71.96
2024-08-09 17:00:08,68.36,69.98,71.96
2024-08-09 17:01:08,68.36,70.16,71.96
2024-08-09 17:02:08,68.36,70.16,72.14
2024-08-09 17:03:07,68.36,70.16,72.14
2024-08-09 17:04:07,68.36,70.16,72.14
2024-08-09 17:05:07,68.36,70.16,72.14
2024-08-09 17:06:06,68.36,70.16,72.14
2024-08-09 17:07:06,68.36,70.16,72.32
2024-08-09 17:08:06,68.36,70.34,72.32
2024-08-09 17:09:05,68.36,70.34,72.32
2024-08-09 17:10:05,68.36,70.34,72.32
2024-08-09 17:11:05,68.36,70.34,72.32
2024-08-09 17:12:04,68.36,70.34,72.32
2024-08-09 17:13:05,68.36,70.34,72.32
2024-08-09 17:14:05,68.36,70.34,72.32
2024-08-09 17:15:04,68.36,70.52,72.32
2024-08-09 17:16:04,68.36,70.52,72.32
2024-08-09 17:17:04,68.54,70.52,72.32
2024-08-09 17:18:04,68.36,70.52,72.32
2024-08-09 17:19:03,68.36,70.52,72.32
2024-08-09 17:20:03,68.36,70.52,72.32
2024-08-09 17:21:03,68.36,70.52,72.32
2024-08-09 17:22:02,68.36,70.52,72.32
2024-08-09 17:23:02,68.36,70.52,72.32
2024-08-09 17:24:02,68.36,70.52,72.32
2024-08-09 17:25:01,68.36,70.52,72.32
2024-08-09 17:26:01,68.36,70.52,72.32
2024-08-09 17:27:01,68.36,70.52,72.32
2024-08-09 17:28:00,68.36,70.7,72.32
2024-08-09 17:29:00,68.36,70.7,72.32
2024-08-09 17:30:00,68.36,70.7,72.32
2024-08-09 17:30:59,68.36,70.7,72.32
2024-08-09 17:31:59,68.54,70.52,72.32
2024-08-09 17:32:59,68.54,70.52,72.32
2024-08-09 17:33:58,68.54,70.52,72.32
2024-08-09 17:34:58,68.36,70.52,72.32
2024-08-09 17:35:58,68.54,70.7,72.32
2024-08-09 17:36:57,68.54,70.7,72.32
2024-08-09 17:37:57,68.54,70.7,72.32
2024-08-09 17:38:57,68.54,70.88,72.32
2024-08-09 17:39:56,68.54,70.88,72.32
2024-08-09 17:40:56,68.54,70.88,72.32
2024-08-09 17:41:56,68.72,70.88,72.32
2024-08-09 17:42:55,68.54,70.88,72.32
2024-08-09 17:43:55,68.54,70.88,72.32
2024-08-09 17:44:56,68.54,70.88,72.32
2024-08-09 17:45:56,68.54,70.88,72.32
2024-08-09 17:46:55,68.54,70.88,72.32
2024-08-09 17:47:55,68.36,70.88,72.32
2024-08-09 17:48:55,68.54,70.88,72.32
2024-08-09 17:49:54,68.54,70.88,72.32
2024-08-09 17:50:54,68.36,70.88,72.14
2024-08-09 17:51:54,68.36,70.88,72.14
2024-08-09 17:52:53,68.36,70.88,72.14
2024-08-09 17:53:53,68.36,70.88,72.14
2024-08-09 17:54:53,68.36,70.88,72.14
2024-08-09 17:55:52,68.36,70.88,72.14
2024-08-09 17:56:52,68.54,70.88,72.14
2024-08-09 17:57:52,68.36,70.88,72.14
2024-08-09 17:58:51,68.54,70.88,72.14
2024-08-09 17:59:51,68.54,70.88,71.96
2024-08-09 18:00:51,68.54,70.88,71.96
2024-08-09 18:01:50,68.54,70.88,71.96
2024-08-09 18:02:50,68.54,70.88,71.96
2024-08-09 18:03:50,68.54,70.88,71.96
2024-08-09 18:04:50,68.54,70.88,71.96
2024-08-09 18:05:49,68.54,70.88,71.96
2024-08-09 18:06:49,68.36,70.88,71.96
2024-08-09 18:07:49,68.54,70.88,71.96
2024-08-09 18:08:48,68.54,70.88,71.96
2024-08-09 18:09:48,68.54,70.88,71.96
2024-08-09 18:10:48,68.36,70.88,71.96
2024-08-09 18:11:47,68.36,70.7,71.96
2024-08-09 18:12:47,68.36,70.7,71.96
2024-08-09 18:13:47,68.36,70.7,71.96
2024-08-09 18:14:46,68.36,70.7,71.96
2024-08-09 18:15:46,68.36,70.88,71.78
2024-08-09 18:16:46,68.36,70.88,71.78
2024-08-09 18:17:45,68.36,70.88,71.78
2024-08-09 18:18:45,68.54,70.88,71.78
2024-08-09 18:19:45,68.36,70.88,71.78
2024-08-09 18:20:44,68.54,70.88,71.78
2024-08-09 18:21:44,68.36,70.88,71.78
2024-08-09 18:22:44,68.36,70.88,71.78
2024-08-09 18:23:43,68.36,70.88,71.78
2024-08-09 18:24:43,68.36,70.88,71.78
2024-08-09 18:25:43,68.54,70.88,71.78
2024-08-09 18:26:42,68.36,70.88,71.78
2024-08-09 18:27:42,68.36,70.88,71.6
2024-08-09 18:28:42,68.54,70.7,71.6
2024-08-09 18:29:41,68.54,70.7,71.78
2024-08-09 18:30:41,68.54,70.88,71.6
2024-08-09 18:31:41,68.54,70.7,71.6
2024-08-09 18:32:41,68.36,70.7,71.6
2024-08-09 18:33:40,68.36,70.7,71.6
2024-08-09 18:34:40,68.54,70.7,71.6
2024-08-09 18:35:40,68.54,70.7,71.6
2024-08-09 18:36:39,68.54,70.88,71.42
2024-08-09 18:37:39,68.54,70.7,71.42
2024-08-09 18:38:39,68.54,70.7,71.42
2024-08-09 18:39:38,68.54,70.7,71.42
2024-08-09 18:40:38,68.54,70.7,71.42
2024-08-09 18:41:38,68.72,70.7,71.42
2024-08-09 18:42:37,68.72,70.7,71.42
2024-08-09 18:43:37,68.72,70.7,71.42
2024-08-09 18:44:37,68.72,70.7,71.42
2024-08-09 18:45:36,68.72,70.7,71.42
2024-08-09 18:46:36,68.72,70.7,71.42
2024-08-09 18:47:36,68.72,70.7,71.42
2024-08-09 18:48:35,68.72,70.7,71.42
2024-08-09 18:49:35,68.72,70.7,71.42
2024-08-09 18:50:35,68.72,70.52,71.24
2024-08-09 18:51:34,68.72,70.52,71.24
2024-08-09 18:52:34,68.72,70.52,71.24
2024-08-09 18:53:34,68.72,70.52,71.24
2024-08-09 18:54:34,68.72,70.52,71.24
2024-08-09 18:55:33,68.72,70.52,71.24
2024-08-09 18:56:33,68.72,70.52,71.24
2024-08-09 18:57:33,68.72,70.52,71.24
2024-08-09 18:58:32,68.72,70.52,71.24
2024-08-09 18:59:32,68.72,70.52,71.24
2024-08-09 19:00:32,68.72,70.52,71.24
2024-08-09 19:01:31,68.72,70.52,71.24
2024-08-09 19:02:31,68.72,70.52,71.24
2024-08-09 19:03:31,68.72,70.52,71.24
2024-08-09 19:04:30,68.72,70.52,71.24
2024-08-09 19:05:30,68.72,70.52,71.06
2024-08-09 19:06:30,68.72,70.52,71.06
2024-08-09 19:07:29,68.72,70.52,71.06
2024-08-09 19:08:29,68.72,70.52,71.06
2024-08-09 19:09:29,68.72,70.52,71.06
2024-08-09 19:10:28,68.72,70.52,71.06
2024-08-09 19:11:28,68.72,70.52,71.06
2024-08-09 19:12:28,68.72,70.52,71.06
2024-08-09 19:13:27,68.72,70.52,70.88
2024-08-09 19:14:27,68.72,70.52,70.88
2024-08-09 19:15:27,68.72,70.52,70.88
2024-08-09 19:16:26,68.72,70.52,70.88
2024-08-09 19:17:26,68.72,70.52,70.88
2024-08-09 19:18:26,68.72,70.52,70.88
2024-08-09 19:19:26,68.72,70.52,70.88
2024-08-09 19:20:25,68.72,70.52,70.88
2024-08-09 19:21:25,68.72,70.52,70.88
2024-08-09 19:22:25,68.72,70.52,70.88
2024-08-09 19:23:24,68.72,70.52,70.88
2024-08-09 19:24:24,68.72,70.52,70.88
2024-08-09 19:25:24,68.72,70.52,70.88
2024-08-09 19:26:23,68.72,70.52,70.88
2024-08-09 19:27:23,68.72,70.52,70.88
2024-08-09 19:28:23,68.72,70.52,70.88
2024-08-09 19:29:22,68.72,70.52,70.88
2024-08-09 19:30:22,68.9,70.52,70.88
2024-08-09 19:31:22,68.9,70.34,70.88
2024-08-09 19:32:21,68.9,70.34,70.88
2024-08-09 19:33:21,68.72,70.34,70.88
2024-08-09 19:34:21,68.9,70.34,70.7
2024-08-09 19:35:20,68.9,70.34,70.7
2024-08-09 19:36:20,68.72,70.34,70.7
2024-08-09 19:37:20,68.72,70.34,70.7
2024-08-09 19:38:20,68.9,70.34,70.7
2024-08-09 19:39:19,68.9,70.34,70.7
2024-08-09 19:40:19,68.9,70.34,70.7
2024-08-09 19:41:19,68.9,70.34,70.7
2024-08-09 19:42:18,68.9,70.34,70.7
2024-08-09 19:43:18,68.9,70.34,70.7
2024-08-09 19:44:18,68.9,70.34,70.7
2024-08-09 19:45:17,68.9,70.34,70.52
2024-08-09 19:46:17,68.9,70.34,70.52
2024-08-09 19:47:17,68.9,70.34,70.52
2024-08-09 19:48:16,68.9,70.34,70.52
2024-08-09 19:49:16,68.72,70.34,70.52
2024-08-09 19:50:16,68.9,70.34,70.52
2024-08-09 19:51:15,68.9,70.34,70.52
2024-08-09 19:52:15,68.9,70.34,70.52
2024-08-09 19:53:15,68.9,70.34,70.52
2024-08-09 19:54:14,68.9,70.34,70.52
2024-08-09 19:55:14,68.9,70.34,70.52
2024-08-09 19:56:14,69.08,70.16,70.52
2024-08-09 19:57:13,69.08,70.34,70.52
2024-08-09 19:58:13,69.08,70.16,70.52
2024-08-09 19:59:13,69.08,70.16,70.52
2024-08-09 20:00:12,69.08,70.16,70.52
2024-08-09 20:01:12,69.08,70.16,70.52
2024-08-09 20:02:12,69.08,70.16,70.52
2024-08-09 20:03:11,69.08,70.16,70.52
2024-08-09 20:04:11,69.08,70.16,70.52
2024-08-09 20:05:11,69.08,70.34,70.52
2024-08-09 20:06:10,69.08,70.34,70.52
2024-08-09 20:07:10,69.08,70.16,70.52
2024-08-09 20:08:10,69.08,70.16,70.52
2024-08-09 20:09:09,69.08,70.16,70.52
2024-08-09 20:10:09,69.08,70.16,70.52
2024-08-09 20:11:09,69.08,70.16,70.52
2024-08-09 20:12:08,68.9,70.16,70.52
2024-08-09 20:13:08,69.08,70.16,70.52
2024-08-09 20:14:08,68.9,70.16,70.34
2024-08-09 20:15:07,68.9,70.16,70.34
2024-08-09 20:16:07,69.08,70.16,70.34
2024-08-09 20:17:07,69.08,70.16,70.34
2024-08-09 20:18:06,68.9,70.16,70.34
2024-08-09 20:19:06,68.9,70.16,70.34
2024-08-09 20:20:06,68.9,70.16,70.34
2024-08-09 20:21:05,68.9,70.16,70.34
2024-08-09 20:22:05,68.9,70.16,70.34
2024-08-09 20:23:05,68.9,70.16,70.34
2024-08-09 20:24:04,68.9,70.16,70.34
2024-08-09 20:25:04,68.9,70.16,70.34
2024-08-09 20:26:04,68.9,70.16,70.34
2024-08-09 20:27:04,68.9,70.16,70.34
2024-08-09 20:28:03,68.9,70.16,70.16
2024-08-09 20:29:03,68.9,70.16,70.34
2024-08-09 20:30:03,68.9,70.16,70.34
2024-08-09 20:31:02,68.9,70.16,70.16
2024-08-09 20:32:02,68.9,70.16,70.16
2024-08-09 20:33:02,68.9,70.16,70.16
2024-08-09 20:34:01,68.9,70.16,70.16
2024-08-09 20:35:01,68.9,70.16,70.16
2024-08-09 20:36:01,68.9,70.16,70.16
2024-08-09 20:37:00,68.9,70.16,70.16
2024-08-09 20:38:00,68.72,70.16,70.16
2024-08-09 20:39:00,68.72,70.16,70.16
2024-08-09 20:39:59,68.72,70.16,70.16
2024-08-09 20:40:59,68.9,70.16,70.16
2024-08-09 20:41:59,68.72,70.16,70.16
2024-08-09 20:42:58,68.72,70.16,70.16
2024-08-09 20:43:58,68.9,70.16,70.16
2024-08-09 20:44:58,68.72,70.16,70.16
2024-08-09 20:45:58,68.72,70.16,70.16
2024-08-09 20:46:57,68.72,70.16,70.16
2024-08-09 20:47:57,68.72,70.16,70.16
2024-08-09 20:48:57,68.72,70.16,70.16
2024-08-09 20:49:56,68.72,70.16,70.16
2024-08-09 20:50:56,68.72,70.16,70.16
2024-08-09 20:51:56,68.9,70.16,70.16
2024-08-09 20:52:55,68.72,70.16,70.16
2024-08-09 20:53:55,68.72,70.16,70.16
2024-08-09 20:54:55,68.72,70.16,70.16
2024-08-09 20:55:54,68.72,70.16,70.16
2024-08-09 20:56:54,68.72,70.16,70.16
2024-08-09 20:57:54,68.72,70.16,70.16
2024-08-09 20:58:53,68.72,70.16,70.16
2024-08-09 20:59:53,68.72,70.16,70.16
2024-08-09 21:00:53,68.72,70.16,70.16
2024-08-09 21:01:52,68.72,70.16,70.16
2024-08-09 21:02:52,68.72,70.16,70.16
2024-08-09 21:03:52,68.72,70.16,70.16
2024-08-09 21:04:51,68.9,69.98,70.16
2024-08-09 21:05:51,68.9,69.98,70.16
2024-08-09 21:06:51,69.08,69.98,69.98
2024-08-09 21:07:50,69.08,69.98,69.98
2024-08-09 21:08:50,69.08,69.98,69.98
2024-08-09 21:09:50,69.08,69.98,69.98
2024-08-09 21:10:49,69.08,69.98,70.16
2024-08-09 21:11:49,69.26,70.16,69.98
2024-08-09 21:12:49,69.26,69.98,69.98
2024-08-09 21:13:48,69.26,70.16,69.98
2024-08-09 21:14:48,69.44,70.16,69.98
2024-08-09 21:15:48,69.44,70.16,69.98
2024-08-09 21:16:48,69.44,70.16,69.98
2024-08-09 21:17:47,69.62,70.16,69.98
2024-08-09 21:18:47,69.62,70.16,69.98
2024-08-09 21:19:47,69.62,70.16,69.98
2024-08-09 21:20:46,69.62,70.16,69.98
2024-08-09 21:21:46,69.62,70.16,69.98
2024-08-09 21:22:46,69.62,70.16,69.98
2024-08-09 21:23:45,69.62,70.16,69.98
2024-08-09 21:24:45,69.62,70.16,69.98
2024-08-09 21:25:45,69.62,70.16,69.98
2024-08-09 21:26:44,69.44,70.16,69.98
2024-08-09 21:27:44,69.44,70.16,69.98
2024-08-09 21:28:44,69.62,70.16,69.98
2024-08-09 21:29:43,69.62,70.16,69.98
2024-08-09 21:30:43,69.62,70.16,69.98
2024-08-09 21:31:43,69.62,70.16,69.98
2024-08-09 21:32:42,69.62,70.16,69.98
2024-08-09 21:33:42,69.62,70.16,69.98
2024-08-09 21:34:42,69.62,70.16,69.98
2024-08-09 21:35:41,69.62,70.16,69.98
2024-08-09 21:36:41,69.62,70.16,69.98
2024-08-09 21:37:41,69.62,70.16,69.98
2024-08-09 21:38:40,69.62,70.16,69.98
2024-08-09 21:39:40,69.62,70.16,69.98
2024-08-09 21:40:40,69.62,70.16,69.98
2024-08-09 21:41:39,69.62,70.16,69.98
2024-08-09 21:42:39,69.62,70.16,69.98
2024-08-09 21:43:39,69.62,70.16,69.98
2024-08-09 21:44:38,69.62,70.16,69.98
2024-08-09 21:45:38,69.44,70.16,69.98
2024-08-09 21:46:38,69.44,70.16,69.98
2024-08-09 21:47:38,69.62,70.16,69.98
2024-08-09 21:48:37,69.62,70.16,69.98
2024-08-09 21:49:37,69.62,70.16,69.98
2024-08-09 21:50:37,69.62,70.16,69.98
2024-08-09 21:51:36,69.44,70.16,69.98
2024-08-09 21:52:36,69.44,70.16,69.98
2024-08-09 21:53:36,69.44,70.16,69.98
2024-08-09 21:54:35,69.44,70.16,69.98
2024-08-09 21:55:35,69.44,70.16,69.98
2024-08-09 21:56:35,69.44,70.16,69.98
2024-08-09 21:57:34,69.44,70.16,69.98
2024-08-09 21:58:34,69.44,70.16,69.98
2024-08-09 21:59:34,69.44,70.16,69.98
2024-08-09 22:00:33,69.44,70.16,69.98
2024-08-09 22:01:33,69.44,70.16,69.98
2024-08-09 22:02:33,69.44,70.16,69.98
2024-08-09 22:03:32,69.26,70.16,69.98
2024-08-09 22:04:32,69.26,70.16,69.98
2024-08-09 22:05:32,69.26,70.16,69.98
2024-08-09 22:06:31,69.44,70.16,69.98
2024-08-09 22:07:31,69.62,70.16,69.98
2024-08-09 22:08:31,69.62,70.16,69.98
2024-08-09 22:09:30,69.62,70.16,69.98
2024-08-09 22:10:30,69.44,70.16,69.98
2024-08-09 22:11:30,69.44,70.16,69.98
2024-08-09 22:12:30,69.44,70.16,69.98
2024-08-09 22:13:29,69.44,70.16,69.98
2024-08-09 22:14:29,69.44,70.16,69.98
2024-08-09 22:15:29,69.44,70.16,69.98
2024-08-09 22:16:28,69.62,70.16,69.98
2024-08-09 22:17:28,69.62,70.16,69.98
2024-08-09 22:18:28,69.62,70.16,69.98
2024-08-09 22:19:27,69.44,70.16,69.98
2024-08-09 22:20:27,69.44,70.16,69.98
2024-08-09 22:21:27,69.44,70.16,69.98
2024-08-09 22:22:26,69.44,70.16,69.98
2024-08-09 22:23:26,69.44,70.16,69.98
2024-08-09 22:24:26,69.44,70.16,69.98
2024-08-09 22:25:25,69.44,70.16,69.98
2024-08-09 22:26:25,69.44,70.16,69.98
2024-08-09 22:27:25,69.62,70.16,69.98
2024-08-09 22:28:24,69.62,70.16,69.98
2024-08-09 22:29:24,69.62,70.16,69.98
2024-08-09 22:30:24,69.44,70.16,69.98
2024-08-09 22:31:23,69.26,70.16,69.98
2024-08-09 22:32:23,69.44,70.16,69.98
2024-08-09 22:33:23,69.62,70.16,69.98
2024-08-09 22:34:22,69.44,70.16,69.98
2024-08-09 22:35:22,69.44,70.16,69.98
2024-08-09 22:36:22,69.44,70.16,69.98
2024-08-09 22:37:22,69.62,70.16,69.98
2024-08-09 22:38:21,69.62,70.16,69.98
2024-08-09 22:39:21,69.62,70.16,69.98
2024-08-09 22:40:21,69.62,70.16,69.98
2024-08-09 22:41:20,69.44,70.16,69.98
2024-08-09 22:42:20,69.44,70.16,69.98
2024-08-09 22:43:20,69.44,70.16,69.98
2024-08-09 22:44:19,69.44,70.16,69.98
2024-08-09 22:45:19,69.62,70.16,69.98
2024-08-09 22:46:19,69.44,70.16,69.98
2024-08-09 22:47:18,69.44,70.16,69.98
2024-08-09 22:48:18,69.62,70.16,69.98
2024-08-09 22:49:18,69.44,69.98,69.98
2024-08-09 22:50:17,69.44,70.16,69.98
2024-08-09 22:51:17,69.26,69.98,69.98
2024-08-09 22:52:17,69.26,69.98,69.98
2024-08-09 22:53:16,69.44,70.16,69.98
2024-08-09 22:54:16,69.44,70.16,69.98
2024-08-09 22:55:16,69.44,70.16,69.98
2024-08-09 22:56:15,69.44,70.16,69.98
2024-08-09 22:57:15,69.44,70.16,69.98
2024-08-09 22:58:15,69.44,70.16,69.98
2024-08-09 22:59:14,69.26,70.16,69.98
2024-08-09 23:00:14,69.44,70.16,69.98
2024-08-09 23:01:14,69.44,69.98,69.98
2024-08-09 23:02:14,69.44,70.16,69.98
2024-08-09 23:03:13,69.44,70.16,69.98
2024-08-09 23:04:13,69.44,70.16,69.98
2024-08-09 23:05:13,69.44,69.98,69.98
2024-08-09 23:06:12,69.44,69.98,69.98
2024-08-09 23:07:12,69.44,69.98,69.98
2024-08-09 23:08:12,69.44,69.98,69.98
2024-08-09 23:09:11,69.44,69.98,69.98
2024-08-09 23:10:11,69.44,69.98,69.98
2024-08-09 23:11:11,69.44,69.98,69.98
2024-08-09 23:12:10,69.44,69.98,69.98
2024-08-09 23:13:10,69.44,69.98,69.98
2024-08-09 23:14:10,69.26,69.98,69.98
2024-08-09 23:15:09,69.26,69.98,69.98
2024-08-09 23:16:09,69.26,69.98,69.98
2024-08-09 23:17:09,69.44,69.98,69.98
2024-08-09 23:18:08,69.44,69.98,69.98
2024-08-09 23:19:08,69.26,69.98,69.98
2024-08-09 23:20:08,69.26,69.98,69.98
2024-08-09 23:21:07,69.26,69.98,69.98
2024-08-09 23:22:07,69.26,69.98,69.8
2024-08-09 23:23:07,69.44,69.98,69.98
2024-08-09 23:24:07,69.26,69.98,69.8
2024-08-09 23:25:06,69.08,70.16,121.82
2024-08-09 23:26:06,69.26,70.34,120.38
2024-08-09 23:27:06,69.26,70.52,119.66
2024-08-09 23:28:05,69.08,70.52,118.4
2024-08-09 23:29:05,69.08,70.7,116.96
2024-08-09 23:30:05,69.08,70.7,115.16
2024-08-09 23:31:04,69.26,70.88,113.18
2024-08-09 23:32:04,69.08,70.88,111.38
2024-08-09 23:33:04,69.08,70.88,109.4
2024-08-09 23:34:03,69.08,70.88,107.42
2024-08-09 23:35:03,68.72,70.88,105.8
2024-08-09 23:36:03,68.72,70.88,104.0
2024-08-09 23:37:02,68.72,70.88,102.38
2024-08-09 23:38:02,68.72,70.7,100.58
2024-08-09 23:39:02,68.72,69.08,98.96
2024-08-09 23:40:01,68.9,68.9,97.34
2024-08-09 23:41:01,68.9,68.72,95.9
2024-08-09 23:42:01,68.9,68.54,94.46
2024-08-09 23:43:00,68.72,69.44,93.02
2024-08-09 23:44:00,68.72,69.08,91.76
2024-08-09 23:45:00,68.72,68.72,90.5
2024-08-09 23:45:59,68.72,68.36,89.24
2024-08-09 23:46:59,68.72,68.18,88.16
2024-08-09 23:47:59,68.72,68.0,87.08
2024-08-09 23:48:58,68.72,67.82,86.18
2024-08-09 23:49:58,68.72,67.46,85.28
2024-08-09 23:50:58,68.72,67.28,84.38
2024-08-09 23:51:58,68.72,66.92,83.66
2024-08-09 23:52:57,68.72,66.56,82.76
2024-08-09 23:53:57,68.72,66.38,82.04
2024-08-09 23:54:57,68.72,66.02,81.32
2024-08-09 23:55:56,68.72,65.84,80.78
2024-08-09 23:56:56,68.54,65.48,80.24
2024-08-09 23:57:56,68.54,65.12,79.52
2024-08-09 23:58:55,68.54,64.94,78.98
2024-08-09 23:59:55,68.54,64.76,78.98
2024-08-10 00:00:55,68.54,64.58,77.9
2024-08-10 00:01:54,68.54,64.22,77.36
2024-08-10 00:02:54,68.54,64.22,77.0
2024-08-10 00:03:54,68.36,64.04,76.64
2024-08-10 00:04:53,68.36,63.68,76.1
2024-08-10 00:05:53,68.54,63.68,75.74
2024-08-10 00:06:53,68.54,63.32,75.38
2024-08-10 00:07:52,68.54,63.32,75.02
2024-08-10 00:08:52,68.54,63.14,74.66
2024-08-10 00:09:52,68.72,62.96,74.3
2024-08-10 00:10:51,68.72,62.96,73.94
2024-08-10 00:11:51,68.72,62.78,73.58
2024-08-10 00:12:51,68.72,62.6,73.22
2024-08-10 00:13:50,68.9,73.4,117.86
2024-08-10 00:14:50,68.9,91.76,119.48
2024-08-10 00:15:50,69.08,91.58,118.4
2024-08-10 00:16:49,69.08,91.22,117.32
2024-08-10 00:17:49,69.08,90.68,115.88
2024-08-10 00:18:49,68.9,89.78,114.08
2024-08-10 00:19:48,68.9,88.88,112.28
2024-08-10 00:20:48,69.08,87.62,110.12
2024-08-10 00:21:48,68.9,86.54,107.96
2024-08-10 00:22:48,69.08,82.94,106.16
2024-08-10 00:23:47,69.08,82.4,104.18
2024-08-10 00:24:47,69.08,81.68,102.38
2024-08-10 00:25:47,69.08,80.78,100.58
2024-08-10 00:26:46,69.08,80.42,98.96
2024-08-10 00:27:46,69.08,80.42,97.34
2024-08-10 00:28:46,68.9,79.7,95.9
2024-08-10 00:29:45,69.08,78.98,94.46
2024-08-10 00:30:45,69.08,78.26,93.2
2024-08-10 00:31:45,69.08,76.82,91.94
2024-08-10 00:32:44,68.9,76.28,90.68
2024-08-10 00:33:44,69.08,75.74,89.78
2024-08-10 00:34:44,69.08,75.02,88.7
2024-08-10 00:35:43,69.08,74.48,87.62
2024-08-10 00:36:43,69.08,73.76,86.72
2024-08-10 00:37:43,69.08,73.22,85.82
2024-08-10 00:38:42,69.08,72.68,84.92
2024-08-10 00:39:42,69.08,71.96,84.2
2024-08-10 00:40:42,69.08,71.42,83.48
2024-08-10 00:41:41,69.08,70.88,82.76
2024-08-10 00:42:41,69.26,70.52,82.22
2024-08-10 00:43:41,69.08,69.98,81.5
2024-08-10 00:44:40,69.26,69.62,80.96
2024-08-10 00:45:40,69.26,69.08,80.24
2024-08-10 00:46:40,69.26,68.72,79.88
2024-08-10 00:47:40,69.26,68.18,79.16
2024-08-10 00:48:39,69.26,67.82,78.62
2024-08-10 00:49:39,69.26,67.64,78.26
2024-08-10 00:50:39,69.26,67.28,77.72
2024-08-10 00:51:38,69.26,66.92,77.36
2024-08-10 00:52:38,69.26,66.56,76.82
2024-08-10 00:53:38,69.26,66.38,76.46
2024-08-10 00:54:37,69.08,66.02,76.1
2024-08-10 00:55:37,69.08,65.84,75.56
2024-08-10 00:56:37,69.08,65.66,75.38
2024-08-10 00:57:36,69.08,65.3,75.02
2024-08-10 00:58:36,69.08,65.12,74.48
2024-08-10 00:59:36,69.08,64.94,74.12
2024-08-10 01:00:35,69.08,64.76,73.76
2024-08-10 01:01:35,69.08,64.58,73.58
2024-08-10 01:02:35,69.08,64.4,73.22
2024-08-10 01:03:34,69.08,64.22,73.04
2024-08-10 01:04:34,69.08,64.04,72.68
2024-08-10 01:05:34,69.08,64.04,72.32
2024-08-10 01:06:34,69.08,64.04,72.14
2024-08-10 01:07:33,69.26,63.86,71.96
2024-08-10 01:08:33,69.08,64.22,71.6
2024-08-10 01:09:33,69.08,64.04,71.42
2024-08-10 01:10:32,69.08,64.04,71.24
2024-08-10 01:11:32,69.08,63.86,70.88
2024-08-10 01:12:32,69.08,64.76,70.7
2024-08-10 01:13:31,69.08,64.58,70.52
2024-08-10 01:14:31,69.08,64.58,70.16
2024-08-10 01:15:31,69.08,64.4,69.98
2024-08-10 01:16:30,69.08,64.22,69.8
2024-08-10 01:17:30,69.08,64.22,69.62
2024-08-10 01:18:30,69.08,64.04,69.44
2024-08-10 01:19:29,69.08,63.86,69.44
2024-08-10 01:20:29,69.08,63.86,69.08
2024-08-10 01:21:29,69.08,63.68,68.9
2024-08-10 01:22:28,69.08,63.68,68.72
2024-08-10 01:23:28,69.08,63.32,68.72
2024-08-10 01:24:28,69.08,63.32,68.54
2024-08-10 01:25:27,69.08,63.14,68.36
2024-08-10 01:26:27,69.08,63.14,68.18
2024-08-10 01:27:27,69.08,76.64,120.56
2024-08-10 01:28:26,69.08,72.68,121.1
2024-08-10 01:29:26,69.08,84.02,113.72
2024-08-10 01:30:26,69.26,83.48,112.64
2024-08-10 01:31:25,69.08,83.3,111.38
2024-08-10 01:32:25,69.26,82.94,109.94
2024-08-10 01:33:25,69.26,82.22,108.32
2024-08-10 01:34:24,69.26,81.5,106.52
2024-08-10 01:35:24,69.26,80.78,104.72
2024-08-10 01:36:24,69.26,79.88,102.92
2024-08-10 01:37:23,69.08,78.98,101.3
2024-08-10 01:38:23,69.08,78.26,99.68
2024-08-10 01:39:23,69.08,77.36,98.06
2024-08-10 01:40:22,69.08,76.64,96.62
2024-08-10 01:41:22,69.08,75.92,95.18
2024-08-10 01:42:22,69.08,75.2,93.74
2024-08-10 01:43:21,69.08,74.48,92.48
2024-08-10 01:44:21,69.08,73.76,91.22
2024-08-10 01:45:21,68.9,73.22,90.14
2024-08-10 01:46:20,68.9,72.68,89.06
2024-08-10 01:47:20,68.9,71.96,87.98
2024-08-10 01:48:20,69.08,71.42,87.08
2024-08-10 01:49:20,69.08,70.88,86.18
2024-08-10 01:50:19,68.9,70.34,85.28
2024-08-10 01:51:19,69.08,69.98,84.38
2024-08-10 01:52:19,68.9,69.62,83.66
2024-08-10 01:53:18,68.9,69.08,82.94
2024-08-10 01:54:18,69.08,67.82,82.22
2024-08-10 01:55:18,69.08,67.82,81.68
2024-08-10 01:56:17,68.9,67.64,80.96
2024-08-10 01:57:17,68.9,67.28,80.42
2024-08-10 01:58:17,68.9,67.28,79.88
2024-08-10 01:59:16,68.9,68.36,79.16
2024-08-10 02:00:16,68.9,68.0,78.8
2024-08-10 02:01:16,68.9,67.64,78.26
2024-08-10 02:02:15,69.08,67.46,77.72
2024-08-10 02:03:15,69.08,67.1,77.36
2024-08-10 02:04:15,69.08,66.92,76.82
2024-08-10 02:05:14,69.08,66.56,76.46
2024-08-10 02:06:14,69.08,66.2,75.92
2024-08-10 02:07:14,69.08,66.02,75.56
2024-08-10 02:08:14,69.08,65.84,75.2
2024-08-10 02:09:13,69.08,65.48,74.84
2024-08-10 02:10:13,69.08,65.12,74.48
2024-08-10 02:11:13,69.08,64.94,74.12
2024-08-10 02:12:12,69.08,64.76,73.76
2024-08-10 02:13:12,69.26,64.58,73.4
2024-08-10 02:14:12,69.08,64.4,73.04
2024-08-10 02:15:11,69.26,64.22,72.86
2024-08-10 02:16:11,69.26,64.04,72.5
2024-08-10 02:17:11,69.26,64.04,72.14
2024-08-10 02:18:10,69.44,63.86,71.78
2024-08-10 02:19:10,69.44,63.68,71.6
2024-08-10 02:20:10,69.44,63.5,71.42
2024-08-10 02:21:09,69.44,63.5,71.24
2024-08-10 02:22:09,69.44,63.32,70.88
2024-08-10 02:23:09,69.44,63.32,70.52
2024-08-10 02:24:08,69.44,63.14,70.52
2024-08-10 02:25:08,69.44,63.14,70.16
2024-08-10 02:26:08,69.44,62.96,69.98
2024-08-10 02:27:08,69.44,62.96,69.8
2024-08-10 02:28:07,69.62,62.96,69.62
2024-08-10 02:29:07,69.44,62.96,69.44
2024-08-10 02:30:07,69.44,62.78,69.26
2024-08-10 02:31:06,69.44,62.78,69.08
2024-08-10 02:32:06,69.44,62.78,68.9
2024-08-10 02:33:06,69.26,62.78,68.72
2024-08-10 02:34:05,69.26,62.78,68.72
2024-08-10 02:35:05,69.44,62.78,68.36
2024-08-10 02:36:05,69.26,62.78,68.36
2024-08-10 02:37:04,69.26,62.78,68.18
2024-08-10 02:38:04,69.26,62.6,68.18
2024-08-10 02:39:04,69.08,62.6,68.0
2024-08-10 02:40:03,69.26,62.6,67.82
2024-08-10 02:41:03,69.26,62.6,67.64
2024-08-10 02:42:03,69.26,62.6,67.64
2024-08-10 02:43:02,69.26,62.42,67.46
2024-08-10 02:44:02,69.26,62.96,67.28
2024-08-10 02:45:02,69.26,63.14,67.28
2024-08-10 02:46:02,69.26,62.96,67.1
2024-08-10 02:47:01,69.26,63.14,66.92
2024-08-10 02:48:01,69.26,63.14,66.92
2024-08-10 02:49:01,69.26,63.14,66.92
2024-08-10 02:50:00,69.26,68.18,118.22
2024-08-10 02:51:00,69.44,67.28,118.22
2024-08-10 02:52:00,69.44,67.28,117.32
2024-08-10 02:52:59,69.44,67.28,116.24
2024-08-10 02:53:59,69.44,67.1,114.62
2024-08-10 02:54:59,69.44,66.92,112.82
2024-08-10 02:55:58,69.44,66.74,111.02
2024-08-10 02:56:58,69.44,66.56,109.04
2024-08-10 02:57:58,69.44,66.38,107.06
2024-08-10 02:58:57,69.44,66.2,105.08
2024-08-10 02:59:57,69.44,66.02,103.28
2024-08-10 03:00:57,69.44,65.84,101.48
2024-08-10 03:01:56,69.44,65.84,100.04
2024-08-10 03:02:56,69.44,65.66,98.24
2024-08-10 03:03:56,69.44,65.48,96.8
2024-08-10 03:04:55,69.44,65.3,95.36
2024-08-10 03:05:55,69.44,65.12,94.1
2024-08-10 03:06:55,69.26,65.12,92.84
2024-08-10 03:07:54,69.44,64.76,91.58
2024-08-10 03:08:54,69.26,64.76,90.5
2024-08-10 03:09:54,69.26,64.58,89.42
2024-08-10 03:10:54,69.26,64.4,88.34
2024-08-10 03:11:53,69.26,64.22,87.44
2024-08-10 03:12:53,69.26,64.04,86.36
2024-08-10 03:13:53,69.26,64.04,85.64
2024-08-10 03:14:52,69.08,63.86,84.74
2024-08-10 03:15:52,69.26,63.68,84.02
2024-08-10 03:16:52,69.26,63.68,83.12
2024-08-10 03:17:51,69.08,63.5,82.58
2024-08-10 03:18:51,69.08,63.32,81.86
2024-08-10 03:19:51,69.26,63.14,81.14
2024-08-10 03:20:50,69.26,63.14,80.42
2024-08-10 03:21:50,69.26,62.96,79.88
2024-08-10 03:22:50,69.26,62.96,79.34
2024-08-10 03:23:49,69.26,62.78,78.8
2024-08-10 03:24:49,69.26,62.78,78.26
2024-08-10 03:25:49,69.26,62.78,77.72
2024-08-10 03:26:48,69.26,63.32,77.36
2024-08-10 03:27:48,69.26,63.14,76.82
2024-08-10 03:28:48,69.26,62.96,76.46
2024-08-10 03:29:47,69.26,62.96,75.92
2024-08-10 03:30:47,69.26,62.96,75.56
2024-08-10 03:31:47,69.26,62.78,75.2
2024-08-10 03:32:46,69.26,62.78,74.84
2024-08-10 03:33:46,69.26,62.78,74.48
2024-08-10 03:34:46,69.26,62.78,74.12
2024-08-10 03:35:45,69.26,62.6,73.76
2024-08-10 03:36:45,69.26,62.6,73.4
2024-08-10 03:37:45,69.26,62.42,73.04
2024-08-10 03:38:44,69.26,62.42,72.68
2024-08-10 03:39:44,69.08,62.42,72.32
2024-08-10 03:40:44,69.08,62.42,71.96
2024-08-10 03:41:44,69.08,62.24,71.78
2024-08-10 03:42:43,69.08,62.6,71.6
2024-08-10 03:43:43,69.08,62.42,71.24
2024-08-10 03:44:43,69.08,62.42,71.06
2024-08-10 03:45:42,69.08,63.32,70.88
2024-08-10 03:46:42,69.08,63.14,70.52
2024-08-10 03:47:42,69.08,62.96,70.34
2024-08-10 03:48:41,69.08,62.96,70.16
2024-08-10 03:49:41,68.9,62.96,69.98
2024-08-10 03:50:41,69.08,62.78,69.62
2024-08-10 03:51:40,68.9,62.78,69.62
2024-08-10 03:52:40,68.72,62.6,69.44
2024-08-10 03:53:40,68.72,62.6,69.08
2024-08-10 03:54:39,68.72,62.42,68.9
2024-08-10 03:55:39,68.9,62.42,68.72
2024-08-10 03:56:39,68.72,62.24,68.54
2024-08-10 03:57:38,68.72,62.24,68.36
2024-08-10 03:58:38,68.72,62.24,68.18
2024-08-10 03:59:38,68.72,62.06,68.18
2024-08-10 04:00:37,68.72,61.88,67.82
2024-08-10 04:01:37,68.72,61.88,67.82
2024-08-10 04:02:37,68.72,61.88,67.64
2024-08-10 04:03:36,68.9,61.88,67.46
2024-08-10 04:04:36,68.72,61.88,67.28
2024-08-10 04:05:36,68.72,61.88,67.28
2024-08-10 04:06:36,68.72,61.7,67.1
2024-08-10 04:07:35,68.9,61.7,66.92
2024-08-10 04:08:35,68.9,61.7,66.92
2024-08-10 04:09:35,69.08,61.7,66.56
2024-08-10 04:10:34,69.08,61.7,66.56
2024-08-10 04:11:34,69.08,61.7,66.56
2024-08-10 04:12:34,69.26,61.7,66.38
2024-08-10 04:13:33,69.44,61.7,66.38
2024-08-10 04:14:33,69.44,61.7,66.38
2024-08-10 04:15:33,69.44,61.7,66.2
2024-08-10 04:16:32,69.44,61.7,66.2
2024-08-10 04:17:32,69.44,61.88,66.02
2024-08-10 04:18:32,69.44,61.88,66.02
2024-08-10 04:19:31,69.26,61.88,66.02
2024-08-10 04:20:31,69.44,61.88,66.02
2024-08-10 04:21:31,69.44,61.88,65.84
2024-08-10 04:22:30,69.44,61.88,65.84
2024-08-10 04:23:30,69.44,62.06,65.84
2024-08-10 04:24:30,69.44,62.06,65.84
2024-08-10 04:25:29,69.44,62.06,65.84
2024-08-10 04:26:29,69.62,62.24,65.84
2024-08-10 04:27:29,69.62,62.42,65.84
2024-08-10 04:28:28,69.62,62.6,65.84
2024-08-10 04:29:28,69.62,62.78,65.84
2024-08-10 04:30:28,69.62,62.78,66.02
2024-08-10 04:31:28,69.8,62.96,66.02
2024-08-10 04:32:27,69.98,63.14,66.2
2024-08-10 04:33:27,69.98,63.32,66.2
2024-08-10 04:34:27,69.8,64.04,66.38
2024-08-10 04:35:26,69.8,64.04,66.38
2024-08-10 04:36:26,69.98,64.22,66.56
2024-08-10 04:37:26,69.98,64.22,66.56
2024-08-10 04:38:25,69.98,64.58,66.56
2024-08-10 04:39:25,69.98,64.58,66.74
2024-08-10 04:40:25,69.98,64.76,66.92
2024-08-10 04:41:24,69.98,64.76,66.92
2024-08-10 04:42:24,69.98,64.94,66.92
2024-08-10 04:43:24,69.98,65.12,67.1
2024-08-10 04:44:23,69.98,65.12,67.28
2024-08-10 04:45:23,69.98,65.3,67.28
2024-08-10 04:46:23,69.98,65.3,67.28
2024-08-10 04:47:22,70.16,65.48,67.46
2024-08-10 04:48:22,70.16,65.48,67.46
2024-08-10 04:49:22,70.16,65.66,67.64
2024-08-10 04:50:21,70.16,65.84,67.64
2024-08-10 04:51:21,70.52,65.84,67.82
2024-08-10 04:52:21,70.34,66.02,67.82
2024-08-10 04:53:20,70.34,66.02,67.82
2024-08-10 04:54:20,70.34,66.02,67.82
2024-08-10 04:55:20,70.34,66.2,68.0
2024-08-10 04:56:19,70.34,66.2,68.0
2024-08-10 04:57:19,70.16,66.38,68.18
2024-08-10 04:58:19,69.98,66.38,68.18
2024-08-10 04:59:18,69.62,66.38,68.18
2024-08-10 05:00:18,69.62,66.56,68.18
2024-08-10 05:01:18,69.44,66.56,68.18
2024-08-10 05:02:18,69.26,66.56,68.18
2024-08-10 05:03:17,69.08,66.56,68.36
2024-08-10 05:04:17,69.26,66.74,68.36
2024-08-10 05:05:17,69.08,66.92,68.36
2024-08-10 05:06:16,69.08,66.92,68.36
2024-08-10 05:07:16,69.08,66.92,68.36
2024-08-10 05:08:16,69.08,66.92,68.54
2024-08-10 05:09:15,69.08,67.1,68.54
2024-08-10 05:10:15,68.72,67.1,68.54
2024-08-10 05:11:15,68.9,67.28,68.72
2024-08-10 05:12:14,68.72,67.28,68.72
2024-08-10 05:13:14,68.72,67.28,68.72
2024-08-10 05:14:14,68.72,67.28,68.72
2024-08-10 05:15:13,68.72,67.46,68.72
2024-08-10 05:16:13,68.54,67.46,68.72
2024-08-10 05:17:13,68.54,67.64,68.72
2024-08-10 05:18:12,68.54,67.64,68.9
2024-08-10 05:19:12,68.54,67.64,68.9
2024-08-10 05:20:12,68.36,67.64,68.9
2024-08-10 05:21:11,68.36,67.64,68.9
2024-08-10 05:22:11,68.36,67.82,69.08
2024-08-10 05:23:11,68.36,67.82,69.08
2024-08-10 05:24:10,68.18,67.82,69.08
2024-08-10 05:25:10,68.18,67.82,69.08
2024-08-10 05:26:10,68.18,67.82,69.08
2024-08-10 05:27:10,68.18,68.18,69.08
2024-08-10 05:28:09,68.18,68.18,69.08
2024-08-10 05:29:09,68.18,68.18,69.08
2024-08-10 05:30:09,68.18,68.18,69.08
2024-08-10 05:31:08,68.18,68.18,69.08
2024-08-10 05:32:08,68.18,68.18,69.08
2024-08-10 05:33:08,68.18,68.18,69.26
2024-08-10 05:34:07,68.18,68.36,69.26
2024-08-10 05:35:07,68.18,68.36,69.26
2024-08-10 05:36:07,68.18,68.36,69.26
2024-08-10 05:37:06,68.18,68.36,69.26
2024-08-10 05:38:06,68.18,68.36,69.26
2024-08-10 05:39:06,68.18,68.36,69.26
2024-08-10 05:40:05,68.18,68.36,69.26
2024-08-10 05:41:05,68.0,68.36,69.44
2024-08-10 05:42:05,68.18,68.36,69.44
2024-08-10 05:43:04,68.0,68.54,69.44
2024-08-10 05:44:04,68.18,68.54,69.44
2024-08-10 05:45:04,68.18,68.54,69.44
2024-08-10 05:46:04,68.18,68.72,69.44
2024-08-10 05:47:03,68.18,68.72,69.44
2024-08-10 05:48:03,68.18,68.72,69.44
2024-08-10 05:49:03,68.18,68.72,69.44
2024-08-10 05:50:02,68.18,68.72,69.44
2024-08-10 05:51:02,68.18,68.72,69.44
2024-08-10 05:52:02,68.18,68.72,69.44
2024-08-10 05:53:01,68.18,68.72,69.44
2024-08-10 05:54:01,68.18,68.72,69.44
2024-08-10 05:55:01,68.18,68.72,69.44
2024-08-10 05:56:00,68.18,68.72,69.44
2024-08-10 05:57:00,68.18,68.9,69.44
2024-08-10 05:58:00,68.18,68.9,69.44
2024-08-10 05:58:59,68.18,68.9,69.44
2024-08-10 05:59:59,68.18,68.9,69.44
2024-08-10 06:00:59,68.18,68.9,69.62
2024-08-10 06:01:58,68.36,68.9,69.62
2024-08-10 06:02:58,68.18,69.08,69.62
2024-08-10 06:03:58,68.36,69.08,69.62
2024-08-10 06:04:57,68.36,69.08,69.62
2024-08-10 06:05:57,68.36,69.08,69.62
2024-08-10 06:06:57,68.36,69.08,69.62
2024-08-10 06:07:56,68.36,69.08,69.62
2024-08-10 06:08:56,68.36,69.08,69.62
2024-08-10 06:09:56,68.54,69.08,69.62
2024-08-10 06:10:55,68.54,69.08,69.62
2024-08-10 06:11:55,68.54,69.08,69.62
2024-08-10 06:12:55,68.54,69.08,69.62
2024-08-10 06:13:54,68.54,69.08,69.62
2024-08-10 06:14:54,68.72,69.08,69.62
2024-08-10 06:15:54,68.72,69.08,69.62
2024-08-10 06:16:54,68.72,69.08,69.62
2024-08-10 06:17:53,68.72,69.08,69.62
2024-08-10 06:18:53,68.72,69.44,69.62
2024-08-10 06:19:53,68.72,69.44,69.62
2024-08-10 06:20:52,68.72,69.44,69.62
2024-08-10 06:21:52,68.72,69.44,69.62
2024-08-10 06:22:52,68.72,69.44,69.62
2024-08-10 06:23:51,68.72,69.44,69.62
2024-08-10 06:24:51,68.72,69.44,69.62
2024-08-10 06:25:51,68.72,69.44,69.62
2024-08-10 06:26:50,68.72,69.44,69.62
2024-08-10 06:27:50,68.72,69.44,69.62
2024-08-10 06:28:50,68.72,69.44,69.62
2024-08-10 06:29:49,68.72,69.44,69.62
2024-08-10 06:30:49,68.72,69.44,69.62
2024-08-10 06:31:49,68.72,69.44,69.62
2024-08-10 06:32:48,68.72,69.44,69.62
2024-08-10 06:33:48,68.72,69.44,69.62
2024-08-10 06:34:48,68.72,69.44,69.62
2024-08-10 06:35:47,68.54,69.44,69.62
2024-08-10 06:36:47,68.72,69.44,69.62
2024-08-10 06:37:47,68.72,69.44,69.62
2024-08-10 06:38:46,68.54,69.44,69.62
2024-08-10 06:39:46,68.54,69.44,69.62
2024-08-10 06:40:46,68.72,69.44,69.62
2024-08-10 06:41:46,68.72,69.44,69.62
2024-08-10 06:42:45,68.72,69.44,69.62
2024-08-10 06:43:45,68.54,69.44,69.62
2024-08-10 06:44:45,68.54,69.44,69.62
2024-08-10 06:45:44,68.54,69.44,69.62
2024-08-10 06:46:44,68.54,69.44,69.62
2024-08-10 06:47:44,68.54,69.44,69.62
2024-08-10 06:48:43,68.54,69.44,69.62
2024-08-10 06:49:43,68.54,69.44,69.62
2024-08-10 06:50:43,68.54,69.44,69.62
2024-08-10 06:51:42,68.54,69.62,69.62
2024-08-10 06:52:42,68.72,69.44,69.62
2024-08-10 06:53:42,68.72,69.44,69.62
2024-08-10 06:54:41,68.72,69.62,69.62
2024-08-10 06:55:41,68.72,69.62,69.62
2024-08-10 06:56:41,68.72,69.62,69.62
2024-08-10 06:57:40,68.72,69.62,69.62
2024-08-10 06:58:40,68.72,69.62,69.62
2024-08-10 06:59:40,68.72,69.62,69.62
2024-08-10 07:00:39,68.72,69.62,69.62
2024-08-10 07:01:39,68.9,69.62,69.62
2024-08-10 07:02:39,68.9,69.62,69.62
2024-08-10 07:03:38,68.72,69.62,69.62
2024-08-10 07:04:38,68.72,69.62,69.62
2024-08-10 07:05:38,68.72,69.62,69.62
2024-08-10 07:06:37,68.72,69.62,69.62
2024-08-10 07:07:37,68.72,69.62,69.62
2024-08-10 07:08:37,68.72,69.62,69.62
2024-08-10 07:09:36,68.72,69.62,69.62
2024-08-10 07:10:36,68.54,69.62,69.62
2024-08-10 07:11:36,68.54,69.62,69.62
2024-08-10 07:12:36,68.54,69.62,69.62
2024-08-10 07:13:35,68.54,69.62,69.62
2024-08-10 07:14:35,68.54,69.62,69.62
2024-08-10 07:15:35,68.54,69.62,69.62
2024-08-10 07:16:34,68.54,69.62,69.62
2024-08-10 07:17:34,68.54,69.62,69.62
2024-08-10 07:18:34,68.54,69.62,69.62
2024-08-10 07:19:33,68.54,69.62,69.62
2024-08-10 07:20:33,68.72,69.62,69.62
2024-08-10 07:21:33,68.72,69.62,69.62
2024-08-10 07:22:32,68.72,69.62,69.62
2024-08-10 07:23:32,68.72,69.62,69.62
2024-08-10 07:24:32,68.72,69.62,69.62
2024-08-10 07:25:31,68.9,69.62,69.62
2024-08-10 07:26:31,68.9,69.62,69.62
2024-08-10 07:27:31,68.9,69.62,69.62
2024-08-10 07:28:30,69.08,69.62,69.62
2024-08-10 07:29:30,69.08,69.62,69.62
2024-08-10 07:30:30,69.08,69.62,69.62
2024-08-10 07:31:29,68.9,69.62,69.62
2024-08-10 07:32:29,68.9,69.62,69.62
2024-08-10 07:33:29,68.9,69.62,69.62
2024-08-10 07:34:28,68.9,69.62,69.62
2024-08-10 07:35:28,68.9,69.62,69.62
2024-08-10 07:36:28,68.72,69.62,69.62
2024-08-10 07:37:28,68.72,69.62,69.62
2024-08-10 07:38:27,68.72,69.62,69.62
2024-08-10 07:39:27,68.72,69.62,69.62
2024-08-10 07:40:27,68.72,69.62,69.62
2024-08-10 07:41:26,68.72,69.62,69.62
2024-08-10 07:42:26,68.72,69.62,69.62
2024-08-10 07:43:26,68.72,69.62,69.62
2024-08-10 07:44:25,68.72,69.62,69.62
2024-08-10 07:45:25,68.72,69.62,69.62
2024-08-10 07:46:25,68.72,69.62,69.62
2024-08-10 07:47:24,68.72,69.62,69.62
2024-08-10 07:48:24,68.72,69.62,69.62
2024-08-10 07:49:24,68.72,69.62,69.62
2024-08-10 07:50:23,68.72,69.62,69.62
2024-08-10 07:51:23,68.72,69.62,69.62
2024-08-10 07:52:23,68.72,69.62,69.62
2024-08-10 07:53:22,68.72,69.62,69.62
2024-08-10 07:54:22,68.72,69.62,69.62
2024-08-10 07:55:22,68.54,69.62,69.62
2024-08-10 07:56:21,68.54,69.62,69.62
2024-08-10 07:57:21,68.54,69.62,69.62
2024-08-10 07:58:21,68.54,69.62,69.62
2024-08-10 07:59:20,68.54,69.62,69.62
2024-08-10 08:00:20,68.54,69.62,69.62
2024-08-10 08:01:20,68.72,69.62,69.62
2024-08-10 08:02:20,68.54,69.62,69.62
2024-08-10 08:03:19,68.54,69.62,69.62
2024-08-10 08:04:19,68.54,69.62,69.62
2024-08-10 08:05:19,68.54,69.62,69.62
2024-08-10 08:06:18,68.54,69.62,69.62
2024-08-10 08:07:18,68.54,69.62,69.62
2024-08-10 08:08:18,68.54,69.62,69.62
2024-08-10 08:09:17,68.54,69.62,69.62
2024-08-10 08:10:17,68.54,69.62,69.62
2024-08-10 08:11:17,68.54,69.62,69.62
2024-08-10 08:12:16,68.54,69.62,69.62
2024-08-10 08:13:16,68.54,69.62,69.62
2024-08-10 08:14:16,68.54,69.62,69.62
2024-08-10 08:15:15,68.54,69.62,69.62
2024-08-10 08:16:15,68.54,69.62,69.62
2024-08-10 08:17:15,68.54,69.62,69.62
2024-08-10 08:18:14,68.54,69.62,69.62
2024-08-10 08:19:14,68.54,69.62,69.62
2024-08-10 08:20:14,68.54,69.62,69.62
2024-08-10 08:21:13,68.54,69.62,69.62
2024-08-10 08:22:13,68.54,69.62,69.62
2024-08-10 08:23:13,68.54,69.62,69.62
2024-08-10 08:24:12,68.54,69.62,69.62
2024-08-10 08:25:12,68.54,69.62,69.62
2024-08-10 08:26:12,68.54,69.62,69.62
2024-08-10 08:27:12,68.54,69.62,69.44
2024-08-10 08:28:11,68.54,69.62,69.62
2024-08-10 08:29:11,68.54,69.62,69.62
2024-08-10 08:30:11,68.54,69.62,69.44
2024-08-10 08:31:10,68.54,69.62,69.62
2024-08-10 08:32:10,68.54,69.62,69.44
2024-08-10 08:33:10,68.54,69.62,69.44
2024-08-10 08:34:09,68.54,69.62,69.44
2024-08-10 08:35:09,68.54,69.62,69.44
2024-08-10 08:36:09,68.54,69.62,69.44
2024-08-10 08:37:08,68.54,69.62,69.44
2024-08-10 08:38:08,68.54,69.62,69.44
2024-08-10 08:39:08,68.54,69.62,69.44
2024-08-10 08:40:07,68.54,69.62,69.44
2024-08-10 08:41:07,68.54,69.62,69.44
2024-08-10 08:42:07,68.54,69.62,69.44
2024-08-10 08:43:06,68.54,69.62,69.44
2024-08-10 08:44:06,68.36,69.62,69.44
2024-08-10 08:45:06,68.54,69.62,69.44
2024-08-10 08:46:05,68.54,69.62,69.44
2024-08-10 08:47:05,68.54,69.62,69.44
2024-08-10 08:48:05,68.54,69.62,69.44
2024-08-10 08:49:05,68.36,69.62,69.44
2024-08-10 08:50:04,68.36,69.62,69.44
2024-08-10 08:51:04,68.36,69.62,69.44
2024-08-10 08:52:04,68.36,69.62,69.44
2024-08-10 08:53:03,68.36,69.62,69.44
2024-08-10 08:54:03,68.36,69.62,69.44
2024-08-10 08:55:03,68.54,69.62,69.44
2024-08-10 08:56:02,68.54,69.62,69.44
2024-08-10 08:57:02,68.54,69.62,69.44
2024-08-10 08:58:02,68.54,69.62,69.44
2024-08-10 08:59:01,68.54,69.62,69.44
2024-08-10 09:00:01,68.54,69.62,69.44
2024-08-10 09:01:01,68.54,69.62,69.44
2024-08-10 09:02:00,68.36,69.62,69.44
2024-08-10 09:03:00,68.54,69.62,69.44
2024-08-10 09:04:00,68.54,69.62,69.44
2024-08-10 09:04:59,68.54,69.62,69.44
2024-08-10 09:05:59,68.54,69.62,69.44
2024-08-10 09:06:59,68.54,69.62,69.44
2024-08-10 09:07:58,68.54,69.62,69.44
2024-08-10 09:08:58,68.54,69.62,69.44
2024-08-10 09:09:58,68.54,69.62,69.44
2024-08-10 09:10:58,68.54,69.62,69.44
2024-08-10 09:11:57,68.54,69.62,69.44
2024-08-10 09:12:57,68.54,69.62,69.44
2024-08-10 09:13:57,68.54,69.62,69.44
2024-08-10 09:14:56,68.54,69.62,69.44
2024-08-10 09:15:56,68.54,69.62,69.44
2024-08-10 09:16:56,68.54,69.62,69.44
2024-08-10 09:17:55,68.54,69.62,69.44
2024-08-10 09:18:55,68.54,69.62,69.44
2024-08-10 09:19:55,68.54,69.62,69.44
2024-08-10 09:20:54,68.54,69.62,69.44
2024-08-10 09:21:54,68.54,69.62,69.44
2024-08-10 09:22:54,68.54,69.62,69.44
2024-08-10 09:23:53,68.54,69.62,69.44
2024-08-10 09:24:53,68.54,69.62,69.44
2024-08-10 09:25:53,68.54,69.62,69.44
2024-08-10 09:26:52,68.54,69.62,69.44
2024-08-10 09:27:52,68.54,69.62,69.44
2024-08-10 09:28:52,68.54,69.62,69.44
2024-08-10 09:29:51,68.54,69.62,69.44
2024-08-10 09:30:51,68.54,69.62,69.44
2024-08-10 09:31:51,68.54,69.62,69.44
2024-08-10 09:32:50,68.54,69.62,69.44
2024-08-10 09:33:50,68.54,69.62,69.44
2024-08-10 09:34:50,68.54,69.62,69.44
2024-08-10 09:35:50,68.54,69.62,69.44
2024-08-10 09:36:49,68.54,69.62,69.44
2024-08-10 09:37:49,68.54,69.62,69.44
2024-08-10 09:38:49,68.54,69.62,69.44
2024-08-10 09:39:48,68.54,69.62,69.44
2024-08-10 09:40:48,68.54,69.62,69.44
2024-08-10 09:41:48,68.54,69.62,69.44
2024-08-10 09:42:47,68.54,69.62,69.44
2024-08-10 09:43:47,68.54,69.62,69.44
2024-08-10 09:44:47,68.54,69.62,69.44
2024-08-10 09:45:46,68.54,69.62,69.44
2024-08-10 09:46:46,68.54,69.62,69.44
2024-08-10 09:47:46,68.54,69.62,69.44
2024-08-10 09:48:45,68.54,69.62,69.44
2024-08-10 09:49:45,68.54,69.62,69.44
2024-08-10 09:50:45,68.72,69.62,69.44
2024-08-10 09:51:44,68.54,69.62,69.44
2024-08-10 09:52:44,68.54,69.62,69.44
2024-08-10 09:53:44,68.54,69.62,69.44
2024-08-10 09:54:43,68.72,69.62,69.44
2024-08-10 09:55:43,68.72,69.62,69.44
2024-08-10 09:56:43,68.72,69.62,69.44
2024-08-10 09:57:42,68.72,69.62,69.44
2024-08-10 09:58:42,68.72,69.62,69.44
2024-08-10 09:59:42,68.54,69.62,69.44
2024-08-10 10:00:42,68.72,69.62,69.44
2024-08-10 10:01:41,68.72,69.62,69.44
2024-08-10 10:02:41,68.72,69.62,69.44
2024-08-10 10:03:41,68.54,69.62,69.44
2024-08-10 10:04:40,68.54,69.62,69.44
2024-08-10 10:05:40,68.54,69.62,69.44
2024-08-10 10:06:40,68.72,69.62,69.44
2024-08-10 10:07:39,68.54,69.62,69.44
2024-08-10 10:08:39,68.54,69.62,69.44
2024-08-10 10:09:39,68.54,69.62,69.44
2024-08-10 10:10:38,68.54,69.62,69.44
2024-08-10 10:11:38,68.36,69.62,69.44
2024-08-10 10:12:38,68.36,69.44,69.44
2024-08-10 10:13:37,68.36,69.62,69.44
2024-08-10 10:14:37,68.54,69.62,69.44
2024-08-10 10:15:37,68.54,69.62,69.44
2024-08-10 10:16:36,68.54,69.44,69.44
2024-08-10 10:17:36,68.54,69.44,69.44
2024-08-10 10:18:36,68.36,69.44,69.44
2024-08-10 10:19:35,68.36,69.62,69.44
2024-08-10 10:20:35,68.54,69.62,69.44
2024-08-10 10:21:35,68.54,69.44,69.44
2024-08-10 10:22:34,68.54,69.44,69.44
2024-08-10 10:23:34,68.54,69.62,69.44
2024-08-10 10:24:34,68.54,69.44,69.44
2024-08-10 10:25:33,68.54,69.62,69.44
2024-08-10 10:26:33,68.54,69.62,69.44
2024-08-10 10:27:33,68.54,69.62,69.44
2024-08-10 10:28:32,68.54,69.62,69.44
2024-08-10 10:29:32,68.54,69.62,69.44
2024-08-10 10:30:32,68.54,69.62,69.26
2024-08-10 10:31:32,68.54,69.62,69.44
2024-08-10 10:32:31,68.54,69.62,69.26
2024-08-10 10:33:31,68.54,69.62,69.44
2024-08-10 10:34:31,68.54,69.44,69.26
2024-08-10 10:35:30,68.54,69.44,69.44
2024-08-10 10:36:30,68.54,69.44,69.26
2024-08-10 10:37:30,68.54,69.62,69.26
2024-08-10 10:38:29,68.54,69.44,69.26
2024-08-10 10:39:29,68.36,69.44,69.26
2024-08-10 10:40:29,68.54,69.44,69.26
2024-08-10 10:41:28,68.54,69.44,69.26
2024-08-10 10:42:28,68.54,69.44,69.26
2024-08-10 10:43:28,68.54,69.44,69.26
2024-08-10 10:44:27,68.54,69.44,69.26
2024-08-10 10:45:27,68.54,69.44,69.26
2024-08-10 10:46:27,68.54,69.44,69.26
2024-08-10 10:47:26,68.54,69.44,69.26
2024-08-10 10:48:26,68.54,69.44,69.26
2024-08-10 10:49:26,68.54,69.44,69.26
2024-08-10 10:50:25,68.54,69.44,69.26
2024-08-10 10:51:25,68.54,69.44,69.26
2024-08-10 10:52:25,68.54,69.62,69.26
2024-08-10 10:53:24,68.36,69.44,69.26
2024-08-10 10:54:24,68.36,69.62,69.26
2024-08-10 10:55:24,68.54,69.44,69.26
2024-08-10 10:56:23,68.54,69.44,69.26
2024-08-10 10:57:23,68.54,69.62,69.26
2024-08-10 10:58:23,68.54,69.44,69.26
2024-08-10 10:59:22,68.54,69.62,69.26
2024-08-10 11:00:22,68.54,69.62,69.26
2024-08-10 11:01:22,68.54,69.62,69.26
2024-08-10 11:02:22,68.54,69.62,69.26
2024-08-10 11:03:21,68.72,69.62,69.26
2024-08-10 11:04:21,68.72,69.62,69.26
2024-08-10 11:05:21,68.72,69.62,69.26
2024-08-10 11:06:20,68.72,69.62,69.26
2024-08-10 11:07:20,68.72,69.62,69.26
2024-08-10 11:08:20,68.72,69.62,69.26
2024-08-10 11:09:19,68.72,69.62,69.26
2024-08-10 11:10:19,68.72,69.62,69.26
2024-08-10 11:11:19,68.72,69.62,69.26
2024-08-10 11:12:18,68.9,69.62,69.26
2024-08-10 11:13:18,68.9,69.62,69.26
2024-08-10 11:14:18,68.9,69.62,69.26
2024-08-10 11:15:17,68.9,69.62,69.26
2024-08-10 11:16:17,68.72,69.62,69.26
2024-08-10 11:17:17,68.72,69.62,69.26
2024-08-10 11:18:16,68.72,69.62,69.26
2024-08-10 11:19:16,68.72,69.62,69.26
2024-08-10 11:20:16,68.72,69.44,69.26
2024-08-10 11:21:16,68.72,69.44,69.26
2024-08-10 11:22:15,68.72,69.44,69.26
2024-08-10 11:23:15,68.72,69.44,69.26
2024-08-10 11:24:15,68.72,69.44,69.26
2024-08-10 11:25:14,68.72,69.44,69.26
2024-08-10 11:26:14,68.72,69.44,69.26
2024-08-10 11:27:14,68.72,69.44,69.26
2024-08-10 11:28:13,68.54,69.44,69.26
2024-08-10 11:29:13,68.54,69.44,69.26
2024-08-10 11:30:13,68.54,69.44,69.26
2024-08-10 11:31:12,68.54,69.44,69.26
2024-08-10 11:32:12,68.36,69.44,69.26
2024-08-10 11:33:12,68.36,69.26,69.08
2024-08-10 11:34:11,68.36,69.26,69.08
2024-08-10 11:35:11,68.36,69.26,69.08
2024-08-10 11:36:11,68.36,69.26,69.08
2024-08-10 11:37:10,68.36,69.26,69.08
2024-08-10 11:38:10,68.36,69.08,69.08
2024-08-10 11:39:10,68.36,69.08,69.08
2024-08-10 11:40:09,68.36,69.08,69.08
2024-08-10 11:41:09,68.36,69.08,69.08
2024-08-10 11:42:09,68.54,69.08,69.08
2024-08-10 11:43:08,68.54,68.9,69.08
2024-08-10 11:44:08,68.36,68.72,69.08
2024-08-10 11:45:08,68.36,68.54,69.08
2024-08-10 11:46:07,68.36,68.36,69.08
2024-08-10 11:47:07,68.36,68.18,69.08
2024-08-10 11:48:07,68.36,67.28,69.08
2024-08-10 11:49:06,68.36,67.28,69.08
2024-08-10 11:50:06,68.36,67.28,69.08
2024-08-10 11:51:06,68.36,67.1,69.08
2024-08-10 11:52:06,68.36,66.92,69.08
2024-08-10 11:53:05,68.36,66.92,69.08
2024-08-10 11:54:05,68.36,66.92,69.08
2024-08-10 11:55:05,68.36,67.46,69.08
2024-08-10 11:56:04,68.36,67.28,69.08
2024-08-10 11:57:04,68.36,67.28,69.08
2024-08-10 11:58:04,68.36,67.28,69.08
2024-08-10 11:59:03,68.36,67.1,69.08
2024-08-10 12:00:03,68.36,66.92,69.08
2024-08-10 12:01:03,68.36,66.92,69.08
2024-08-10 12:02:02,68.36,66.92,68.9
2024-08-10 12:03:02,68.36,66.74,68.9
2024-08-10 12:04:02,68.36,66.56,68.9
2024-08-10 12:05:02,68.36,66.56,68.9
2024-08-10 12:06:01,68.54,66.56,68.9
2024-08-10 12:07:01,68.72,66.56,68.9
2024-08-10 12:08:01,68.72,66.56,68.9
2024-08-10 12:09:00,68.72,66.56,68.9
2024-08-10 12:10:00,68.72,66.56,68.9
2024-08-10 12:11:00,68.9,66.74,68.9
2024-08-10 12:11:59,68.9,66.74,68.9
2024-08-10 12:12:59,68.9,66.92,68.9
2024-08-10 12:13:59,68.9,66.92,68.9
2024-08-10 12:14:58,68.9,66.92,68.9
2024-08-10 12:15:58,68.9,66.92,68.9
2024-08-10 12:16:58,68.9,66.38,68.9
2024-08-10 12:17:57,68.9,66.38,68.9
2024-08-10 12:18:57,68.9,66.38,68.9
2024-08-10 12:19:57,69.08,67.28,68.9
2024-08-10 12:20:56,69.08,67.1,68.9
2024-08-10 12:21:56,69.08,67.28,68.9
2024-08-10 12:22:56,68.9,67.28,68.9
2024-08-10 12:23:55,69.08,67.28,68.9
2024-08-10 12:24:55,69.08,67.28,68.9
2024-08-10 12:25:55,69.08,67.28,68.9
2024-08-10 12:26:54,69.08,67.46,68.9
2024-08-10 12:27:54,69.08,67.46,68.9
2024-08-10 12:28:54,69.08,67.46,68.9
2024-08-10 12:29:53,69.08,67.28,68.9
2024-08-10 12:30:53,69.08,67.64,68.9
2024-08-10 12:31:53,69.08,67.64,68.9
2024-08-10 12:32:52,69.08,67.64,68.9
2024-08-10 12:33:52,69.08,67.64,68.9
2024-08-10 12:34:52,69.08,67.64,68.9
2024-08-10 12:35:52,69.08,67.64,68.9
2024-08-10 12:36:51,69.08,67.82,68.9
2024-08-10 12:37:51,69.08,67.82,68.9
2024-08-10 12:38:51,69.08,67.82,68.9
2024-08-10 12:39:50,69.08,67.82,68.9
2024-08-10 12:40:50,69.08,67.64,68.9
2024-08-10 12:41:50,69.08,67.64,68.9
2024-08-10 12:42:49,69.08,67.64,68.9
2024-08-10 12:43:49,69.08,67.82,68.9
2024-08-10 12:44:49,69.08,68.0,68.9
2024-08-10 12:45:48,69.08,68.0,68.9
2024-08-10 12:46:48,69.08,68.0,68.9
2024-08-10 12:47:48,69.08,68.0,68.9
2024-08-10 12:48:47,69.08,68.0,68.9
2024-08-10 12:49:47,69.08,68.18,68.9
2024-08-10 12:50:47,69.08,68.18,68.9
2024-08-10 12:51:46,69.08,68.18,68.9
2024-08-10 12:52:46,69.08,68.18,68.9
2024-08-10 12:53:46,69.08,68.18,68.9
2024-08-10 12:54:45,69.08,68.18,68.9
2024-08-10 12:55:45,69.08,68.18,68.9
2024-08-10 12:56:45,69.08,68.18,68.9
2024-08-10 12:57:45,69.08,68.18,68.9
2024-08-10 12:58:44,69.08,68.36,68.9
2024-08-10 12:59:44,69.08,68.36,68.9
2024-08-10 13:00:44,69.08,68.36,68.9
2024-08-10 13:01:43,69.08,68.36,68.9
2024-08-10 13:02:43,69.08,68.36,68.9
2024-08-10 13:03:43,69.08,68.36,68.9
2024-08-10 13:04:42,69.08,68.36,68.9
2024-08-10 13:05:42,69.08,68.36,68.9
2024-08-10 13:06:42,69.08,68.36,68.9
2024-08-10 13:07:41,69.08,68.36,68.9
2024-08-10 13:08:41,69.08,68.36,68.9
2024-08-10 13:09:41,69.08,68.36,68.9
2024-08-10 13:10:40,69.08,68.54,68.9
2024-08-10 13:11:40,69.08,68.54,68.9
2024-08-10 13:12:40,69.08,68.54,68.9
2024-08-10 13:13:39,69.08,68.54,68.9
2024-08-10 13:14:39,69.08,68.54,68.9
2024-08-10 13:15:39,69.08,68.54,68.9
2024-08-10 13:16:38,69.08,68.72,68.9
2024-08-10 13:17:38,69.08,68.72,68.9
2024-08-10 13:18:38,69.08,68.72,68.9
2024-08-10 13:19:38,69.08,68.72,69.08
2024-08-10 13:20:37,69.08,68.72,68.9
2024-08-10 13:21:37,69.08,68.72,68.9
2024-08-10 13:22:37,69.08,68.72,68.9
2024-08-10 13:23:36,69.08,68.72,68.9
2024-08-10 13:24:36,69.08,68.72,68.9
2024-08-10 13:25:36,69.08,68.72,68.9
2024-08-10 13:26:35,69.08,68.72,68.9
2024-08-10 13:27:35,69.08,68.72,68.9
2024-08-10 13:28:35,69.08,68.72,68.9
2024-08-10 13:29:34,69.08,68.72,69.08
2024-08-10 13:30:34,69.08,68.72,69.08
2024-08-10 13:31:34,69.08,68.72,69.08
2024-08-10 13:32:33,69.08,68.9,69.08
2024-08-10 13:33:33,69.08,68.9,68.9
2024-08-10 13:34:33,69.08,68.9,69.08
2024-08-10 13:35:32,69.08,68.9,69.08
2024-08-10 13:36:32,69.08,68.9,69.08
2024-08-10 13:37:32,69.08,68.9,69.08
2024-08-10 13:38:31,69.08,68.9,69.08
2024-08-10 13:39:31,69.08,68.9,69.08
2024-08-10 13:40:32,69.08,68.9,69.08
2024-08-10 13:41:32,69.08,68.9,69.08
2024-08-10 13:42:31,69.08,68.9,69.08
2024-08-10 13:43:31,69.08,68.9,69.08
2024-08-10 13:44:31,69.08,68.9,69.08
2024-08-10 13:45:30,69.08,69.08,69.08
2024-08-10 13:46:30,69.08,69.08,69.08
2024-08-10 13:47:30,69.08,69.08,69.08
2024-08-10 13:48:29,69.08,69.08,69.08
2024-08-10 13:49:29,69.08,69.08,69.08
2024-08-10 13:50:28,69.08,69.08,69.08
2024-08-10 13:51:28,69.08,69.08,69.08
2024-08-10 13:52:28,69.08,69.08,69.08
2024-08-10 13:53:27,69.08,69.08,69.08
2024-08-10 13:54:27,69.08,69.08,69.08
2024-08-10 13:55:27,69.08,69.08,69.08
2024-08-10 13:56:26,69.08,69.08,69.08
2024-08-10 13:57:26,69.08,69.08,69.08
2024-08-10 13:58:26,69.08,69.08,69.08
2024-08-10 13:59:25,69.08,69.08,69.08
2024-08-10 14:00:25,69.08,69.08,69.08
2024-08-10 14:01:25,69.08,69.08,69.08
2024-08-10 14:02:24,69.08,69.08,69.08
2024-08-10 14:03:24,69.08,69.08,69.08
2024-08-10 14:04:24,69.08,69.08,69.08
2024-08-10 14:05:23,69.08,69.08,69.08
2024-08-10 14:06:23,69.08,69.08,69.08
2024-08-10 14:07:23,69.08,69.08,69.08
2024-08-10 14:08:22,69.08,69.26,69.08
2024-08-10 14:09:22,69.08,69.26,69.08
2024-08-10 14:10:22,69.08,69.26,69.08
2024-08-10 14:11:22,69.08,69.26,69.08
2024-08-10 14:12:21,69.08,69.26,69.08
2024-08-10 14:13:21,69.08,69.26,69.08
2024-08-10 14:14:21,69.08,69.26,69.08
2024-08-10 14:15:20,69.08,69.26,69.08
2024-08-10 14:16:20,69.08,69.26,69.08
2024-08-10 14:17:20,69.08,69.26,69.08
2024-08-10 14:18:19,69.08,69.26,69.08
2024-08-10 14:19:19,69.08,69.26,69.08
2024-08-10 14:20:19,69.08,69.26,69.08
2024-08-10 14:21:18,69.08,69.26,69.08
2024-08-10 14:22:18,69.08,69.26,69.08
2024-08-10 14:23:18,69.08,69.44,69.08
2024-08-10 14:24:17,69.08,69.44,69.08
2024-08-10 14:25:17,69.08,69.44,69.08
2024-08-10 14:26:17,69.08,69.44,69.08
2024-08-10 14:27:16,69.08,69.44,69.08
2024-08-10 14:28:16,69.08,69.44,69.08
2024-08-10 14:29:16,69.08,69.44,69.08
2024-08-10 14:30:15,69.08,69.44,69.08
2024-08-10 14:31:15,69.26,69.44,69.08
2024-08-10 14:32:15,69.26,69.44,69.08
2024-08-10 14:33:14,69.08,69.44,69.08
2024-08-10 14:34:14,69.26,69.44,69.08
2024-08-10 14:35:14,69.26,69.44,69.08
2024-08-10 14:36:14,69.08,69.44,69.08
2024-08-10 14:37:13,69.26,69.44,69.08
2024-08-10 14:38:13,69.08,69.44,69.08
2024-08-10 14:39:12,69.26,69.44,69.08
2024-08-10 14:40:12,69.08,69.44,69.08
2024-08-10 14:41:12,69.08,69.44,69.08
2024-08-10 14:42:12,69.08,69.44,69.08
2024-08-10 14:43:11,69.08,69.44,69.08
2024-08-10 14:44:11,69.08,69.44,69.08
2024-08-10 14:45:11,69.08,69.44,69.08
2024-08-10 14:46:10,69.08,69.44,69.08
2024-08-10 14:47:10,69.08,69.44,69.08
2024-08-10 14:48:10,69.08,69.44,69.08
2024-08-10 14:49:09,69.08,69.44,69.08
2024-08-10 14:50:09,69.08,69.44,69.08
2024-08-10 14:51:09,69.08,69.44,69.08
2024-08-10 14:52:08,69.26,69.44,69.08
2024-08-10 14:53:08,69.26,69.44,69.08
2024-08-10 14:54:08,69.26,69.44,69.08
2024-08-10 14:55:07,69.26,69.44,69.08
2024-08-10 14:56:07,69.26,69.44,69.08
2024-08-10 14:57:07,69.26,69.44,69.08
2024-08-10 14:58:06,69.26,69.44,69.08
2024-08-10 14:59:06,69.26,69.44,69.08
2024-08-10 15:00:06,69.26,69.44,69.08
2024-08-10 15:01:05,69.26,69.44,69.08
2024-08-10 15:02:05,69.26,69.44,69.08
2024-08-10 15:03:05,69.26,69.44,69.08
2024-08-10 15:04:04,69.08,69.44,69.08
2024-08-10 15:05:04,69.08,69.44,69.08
2024-08-10 15:06:04,69.08,69.44,69.08
2024-08-10 15:07:03,69.08,69.44,69.08
2024-08-10 15:08:03,69.08,69.44,69.08
2024-08-10 15:09:03,69.08,69.44,69.08
2024-08-10 15:10:02,69.08,69.44,69.08
2024-08-10 15:11:02,69.08,69.44,69.08
2024-08-10 15:12:02,69.08,69.44,69.08
2024-08-10 15:13:02,69.08,69.44,69.08
2024-08-10 15:14:01,69.08,69.44,69.08
2024-08-10 15:15:01,69.08,69.44,69.08
2024-08-10 15:16:01,69.08,69.44,69.08
2024-08-10 15:17:00,69.08,69.44,69.08
2024-08-10 15:18:00,69.08,69.44,69.08
2024-08-10 15:19:00,69.08,69.44,69.08
2024-08-10 15:19:59,69.08,69.44,69.08
2024-08-10 15:20:59,69.08,69.44,69.08
2024-08-10 15:21:59,69.08,69.62,69.08
2024-08-10 15:22:58,69.08,69.62,69.08
2024-08-10 15:23:58,69.08,69.62,69.08
2024-08-10 15:24:58,69.08,69.62,69.08
2024-08-10 15:25:57,69.08,69.62,69.08
2024-08-10 15:26:57,69.08,69.62,69.08
2024-08-10 15:27:57,69.08,69.44,69.08
2024-08-10 15:28:56,69.08,69.44,69.08
2024-08-10 15:29:56,69.08,69.62,69.08
2024-08-10 15:30:56,69.08,69.44,69.08
2024-08-10 15:31:55,69.08,69.62,69.08
2024-08-10 15:32:55,69.08,69.62,69.08
2024-08-10 15:33:55,69.08,69.44,69.08
2024-08-10 15:34:54,69.08,69.62,69.08
2024-08-10 15:35:54,69.08,69.44,69.08
2024-08-10 15:36:54,69.08,69.62,69.08
2024-08-10 15:37:54,69.08,69.44,69.08
2024-08-10 15:38:53,69.08,69.44,69.08
2024-08-10 15:39:53,69.08,69.62,69.08
2024-08-10 15:40:53,69.08,69.62,69.08
2024-08-10 15:41:52,69.08,69.62,69.08
2024-08-10 15:42:52,69.08,69.62,69.08
2024-08-10 15:43:52,69.08,69.62,69.08
2024-08-10 15:44:51,69.08,69.62,69.08
2024-08-10 15:45:51,69.08,69.62,69.08
2024-08-10 15:46:51,69.26,69.62,69.08
2024-08-10 15:47:50,69.08,69.62,69.08
2024-08-10 15:48:50,69.08,69.62,69.08
2024-08-10 15:49:50,69.08,69.62,69.08
2024-08-10 15:50:49,69.08,69.62,69.08
2024-08-10 15:51:49,69.08,69.62,69.08
2024-08-10 15:52:49,69.08,69.62,69.08
2024-08-10 15:53:48,69.08,69.62,69.08
2024-08-10 15:54:48,69.26,69.62,69.08
2024-08-10 15:55:48,69.08,69.62,69.08
2024-08-10 15:56:47,69.26,69.62,69.08
2024-08-10 15:57:47,69.08,69.62,69.08
2024-08-10 15:58:47,69.26,69.62,69.26
2024-08-10 15:59:46,69.08,69.62,69.26
2024-08-10 16:00:46,69.08,69.62,69.08
2024-08-10 16:01:46,69.26,69.62,69.08
2024-08-10 16:02:46,69.26,69.8,69.08
2024-08-10 16:03:45,69.26,69.62,69.08
2024-08-10 16:04:45,69.26,69.62,69.08
2024-08-10 16:05:45,69.08,69.62,69.08
2024-08-10 16:06:44,69.26,69.62,69.08
2024-08-10 16:07:44,69.26,69.62,69.08
2024-08-10 16:08:44,69.26,69.62,69.26
2024-08-10 16:09:43,69.26,69.62,69.26
2024-08-10 16:10:43,69.26,69.62,69.08
2024-08-10 16:11:43,69.26,69.62,69.08
2024-08-10 16:12:42,69.26,69.62,69.26
2024-08-10 16:13:42,69.26,69.62,69.26
2024-08-10 16:14:42,69.26,69.62,69.08
2024-08-10 16:15:41,69.26,69.62,69.26
2024-08-10 16:16:41,69.26,69.62,69.26
2024-08-10 16:17:41,69.26,69.62,69.08
2024-08-10 16:18:40,69.26,69.62,69.26
2024-08-10 16:19:40,69.26,69.62,69.26
2024-08-10 16:20:40,69.26,69.62,69.26
2024-08-10 16:21:39,69.26,69.62,69.08
2024-08-10 16:22:39,69.08,69.62,69.26
2024-08-10 16:23:39,69.08,69.62,69.26
2024-08-10 16:24:38,69.26,69.62,69.26
2024-08-10 16:25:38,69.08,69.62,69.08
2024-08-10 16:26:38,69.08,69.62,69.26
2024-08-10 16:27:37,69.08,69.62,69.26
2024-08-10 16:28:37,69.26,69.62,69.26
2024-08-10 16:29:37,69.26,69.62,69.26
2024-08-10 16:30:36,69.26,69.62,69.26
2024-08-10 16:31:36,69.26,69.62,69.26
2024-08-10 16:32:36,69.26,69.62,69.26
2024-08-10 16:33:36,69.26,69.62,69.26
2024-08-10 16:34:35,69.44,69.62,69.26
2024-08-10 16:35:35,69.44,69.62,69.26
2024-08-10 16:36:35,69.44,69.62,69.26
2024-08-10 16:37:34,69.44,69.62,69.26
2024-08-10 16:38:34,69.44,69.62,69.26
2024-08-10 16:39:34,69.62,69.62,69.26
2024-08-10 16:40:33,69.62,69.62,69.26
2024-08-10 16:41:33,69.62,69.62,69.26
2024-08-10 16:42:33,69.62,69.62,69.26
2024-08-10 16:43:32,69.62,69.62,69.26
2024-08-10 16:44:32,69.62,69.62,69.26
2024-08-10 16:45:32,69.8,69.62,69.26
2024-08-10 16:46:31,69.62,69.62,69.26
2024-08-10 16:47:31,69.62,69.62,69.26
2024-08-10 16:48:31,69.8,69.62,69.26
2024-08-10 16:49:30,69.8,69.62,69.26
2024-08-10 16:50:30,69.8,69.62,69.26
2024-08-10 16:51:30,69.8,69.62,69.26
2024-08-10 16:52:29,69.8,69.8,69.26
2024-08-10 16:53:29,69.8,69.8,69.26
2024-08-10 16:54:29,69.8,69.8,69.26
2024-08-10 16:55:28,69.8,69.8,69.26
2024-08-10 16:56:28,69.8,69.8,69.26
2024-08-10 16:57:28,69.8,69.8,69.26
2024-08-10 16:58:27,69.8,69.8,69.26
2024-08-10 16:59:27,69.98,69.8,69.26
2024-08-10 17:00:27,69.98,69.8,69.26
2024-08-10 17:01:26,69.98,69.8,69.26
2024-08-10 17:02:26,69.98,69.8,69.26
2024-08-10 17:03:26,70.16,69.8,69.26
2024-08-10 17:04:25,70.16,69.8,69.26
2024-08-10 17:05:25,70.16,69.8,69.26
2024-08-10 17:06:25,69.98,69.8,69.26
2024-08-10 17:07:24,69.98,69.8,69.26
2024-08-10 17:08:24,69.98,69.8,69.44
2024-08-10 17:09:24,69.98,69.8,69.44
2024-08-10 17:10:23,69.8,69.8,69.26
2024-08-10 17:11:23,69.62,69.8,69.44
2024-08-10 17:12:23,69.62,69.8,69.44
2024-08-10 17:13:22,69.62,69.8,69.44
2024-08-10 17:14:22,69.8,69.8,69.44
2024-08-10 17:15:22,69.8,69.8,69.44
2024-08-10 17:16:22,69.8,69.8,69.44
2024-08-10 17:17:21,69.62,69.8,69.44
2024-08-10 17:18:21,69.62,69.8,69.44
2024-08-10 17:19:21,69.62,69.8,69.44
2024-08-10 17:20:20,69.62,69.8,69.44
2024-08-10 17:21:20,69.62,69.8,69.44
2024-08-10 17:22:20,69.62,69.98,69.44
2024-08-10 17:23:19,69.62,69.98,69.44
2024-08-10 17:24:19,69.8,69.98,69.44
2024-08-10 17:25:19,69.8,69.8,69.44
2024-08-10 17:26:18,69.8,69.98,69.44
2024-08-10 17:27:18,69.62,69.98,69.44
2024-08-10 17:28:18,69.62,69.98,69.44
2024-08-10 17:29:17,69.62,69.98,69.44
2024-08-10 17:30:17,69.62,69.98,69.44
2024-08-10 17:31:17,69.62,69.98,69.44
2024-08-10 17:32:16,69.62,69.98,69.44
2024-08-10 17:33:16,69.62,69.98,69.44
2024-08-10 17:34:16,69.62,69.98,69.44
2024-08-10 17:35:15,69.62,69.98,69.44
2024-08-10 17:36:15,69.62,69.98,69.44
2024-08-10 17:37:15,69.62,69.98,69.44
2024-08-10 17:38:14,69.62,69.98,69.44
2024-08-10 17:39:14,69.62,69.98,69.44
2024-08-10 17:40:14,69.62,69.98,69.44
2024-08-10 17:41:13,69.62,69.98,69.44
2024-08-10 17:42:13,69.44,69.98,69.44
2024-08-10 17:43:13,69.44,69.98,69.44
2024-08-10 17:44:12,69.44,69.98,69.44
2024-08-10 17:45:12,69.44,69.98,69.44
2024-08-10 17:46:12,69.62,69.98,69.44
2024-08-10 17:47:11,69.62,69.98,69.44
2024-08-10 17:48:11,69.44,69.98,69.44
2024-08-10 17:49:11,69.62,69.98,69.44
2024-08-10 17:50:10,69.62,69.98,69.44
2024-08-10 17:51:10,69.62,69.98,69.44
2024-08-10 17:52:10,69.62,69.98,69.44
2024-08-10 17:53:09,69.62,69.98,69.44
2024-08-10 17:54:09,69.62,69.98,69.44
2024-08-10 17:55:09,69.44,69.98,69.44
2024-08-10 17:56:08,69.44,69.98,69.44
2024-08-10 17:57:08,69.44,69.98,69.44
2024-08-10 17:58:08,69.44,69.98,69.44
2024-08-10 17:59:08,69.44,69.98,69.44
2024-08-10 18:00:07,69.44,69.98,69.44
2024-08-10 18:01:07,69.44,69.8,69.44
2024-08-10 18:02:07,69.44,69.98,69.44
2024-08-10 18:03:06,69.44,69.98,69.44
2024-08-10 18:04:06,69.44,69.98,69.44
2024-08-10 18:05:06,69.44,69.98,69.44
2024-08-10 18:06:05,69.44,69.98,69.44
2024-08-10 18:07:05,69.44,69.8,69.44
2024-08-10 18:08:05,69.44,69.8,69.44
2024-08-10 18:09:04,69.26,69.8,69.44
2024-08-10 18:10:04,69.26,69.98,69.44
2024-08-10 18:11:04,69.26,69.98,69.44
2024-08-10 18:12:03,69.44,69.98,69.44
2024-08-10 18:13:03,69.44,69.98,69.44
2024-08-10 18:14:03,69.44,69.8,69.44
2024-08-10 18:15:02,69.44,69.98,69.44
2024-08-10 18:16:02,69.62,69.8,69.44
2024-08-10 18:17:02,69.44,69.8,69.44
2024-08-10 18:18:01,69.62,69.8,69.44
2024-08-10 18:19:01,69.44,69.8,69.44
2024-08-10 18:20:01,69.44,69.98,69.44
2024-08-10 18:21:00,69.44,69.98,69.44
2024-08-10 18:22:00,69.44,69.98,69.44
2024-08-10 18:23:00,69.44,69.98,69.44
2024-08-10 18:23:59,69.44,69.98,69.44
2024-08-10 18:24:59,69.26,69.98,69.44
2024-08-10 18:25:59,69.26,69.98,69.44
2024-08-10 18:26:58,69.26,69.8,69.44
2024-08-10 18:27:58,69.26,69.8,69.44
2024-08-10 18:28:58,69.26,69.98,69.44
2024-08-10 18:29:58,69.26,69.98,69.44
2024-08-10 18:30:57,69.44,69.98,69.44
2024-08-10 18:31:57,69.26,69.98,69.44
2024-08-10 18:32:57,69.26,69.8,69.44
2024-08-10 18:33:56,69.26,69.98,69.44
2024-08-10 18:34:56,69.08,69.8,69.44
2024-08-10 18:35:56,69.26,69.98,69.44
2024-08-10 18:36:55,69.44,69.8,69.44
2024-08-10 18:37:55,69.44,69.8,69.44
2024-08-10 18:38:55,69.44,69.8,69.44
2024-08-10 18:39:54,69.44,69.8,69.44
2024-08-10 18:40:54,69.44,69.8,69.44
2024-08-10 18:41:54,69.26,69.8,69.44
2024-08-10 18:42:53,69.26,69.8,69.44
2024-08-10 18:43:53,69.08,69.8,69.44
2024-08-10 18:44:53,69.08,69.8,69.44
2024-08-10 18:45:52,69.08,69.8,69.44
2024-08-10 18:46:52,69.08,69.8,69.44
2024-08-10 18:47:52,69.08,69.98,69.44
2024-08-10 18:48:52,69.08,69.8,69.44
2024-08-10 18:49:51,69.08,69.98,69.44
2024-08-10 18:50:51,69.08,69.8,69.44
2024-08-10 18:51:51,69.08,69.98,69.44
2024-08-10 18:52:50,69.08,69.8,69.44
2024-08-10 18:53:50,69.08,69.8,69.44
2024-08-10 18:54:50,69.08,69.8,69.44
2024-08-10 18:55:49,69.08,69.8,69.44
2024-08-10 18:56:49,69.08,69.8,69.44
2024-08-10 18:57:49,69.08,69.8,69.44
2024-08-10 18:58:48,69.08,69.8,69.44
2024-08-10 18:59:48,69.08,69.8,69.44
2024-08-10 19:00:48,69.08,69.8,69.44
2024-08-10 19:01:47,68.9,69.8,69.44
2024-08-10 19:02:47,68.9,69.8,69.44
2024-08-10 19:03:47,69.08,69.8,69.44
2024-08-10 19:04:46,68.9,69.8,69.44
2024-08-10 19:05:46,69.08,69.8,69.44
2024-08-10 19:06:46,69.08,69.8,69.44
2024-08-10 19:07:46,68.9,69.8,69.44
2024-08-10 19:08:45,68.9,69.8,69.44
2024-08-10 19:09:45,68.72,69.8,69.44
2024-08-10 19:10:45,68.72,69.62,69.44
2024-08-10 19:11:44,68.54,69.8,69.44
2024-08-10 19:12:44,68.72,69.8,69.44
2024-08-10 19:13:44,68.54,69.8,69.44
2024-08-10 19:14:43,68.54,69.8,69.44
2024-08-10 19:15:43,68.36,69.8,69.44
2024-08-10 19:16:43,68.36,69.8,69.44
2024-08-10 19:17:42,68.36,69.8,69.44
2024-08-10 19:18:43,68.36,69.8,69.44
2024-08-10 19:19:43,68.36,69.8,69.44
2024-08-10 19:20:42,68.36,69.8,69.44
2024-08-10 19:21:42,68.36,69.62,69.44
2024-08-10 19:22:42,68.36,69.8,69.44
2024-08-10 19:23:41,68.36,69.62,69.44
2024-08-10 19:24:41,68.36,69.62,69.44
2024-08-10 19:25:41,68.36,69.62,69.26
2024-08-10 19:26:40,68.36,69.62,69.44
2024-08-10 19:27:40,68.36,69.62,69.44
2024-08-10 19:28:40,68.36,69.62,69.44
2024-08-10 19:29:39,68.36,69.62,69.44
2024-08-10 19:30:39,68.36,69.62,69.44
2024-08-10 19:31:39,68.36,69.62,69.26
2024-08-10 19:32:38,68.36,69.8,69.26
2024-08-10 19:33:38,68.36,69.8,69.26
2024-08-10 19:34:38,68.36,69.8,69.26
2024-08-10 19:35:38,68.36,69.62,69.26
2024-08-10 19:36:37,68.36,69.62,69.26
2024-08-10 19:37:37,68.36,69.62,69.26
2024-08-10 19:38:37,68.36,69.62,69.26
2024-08-10 19:39:36,68.36,69.62,69.26
2024-08-10 19:40:36,68.36,69.62,69.26
2024-08-10 19:41:36,68.36,69.62,69.26
2024-08-10 19:42:35,68.36,69.62,69.26
2024-08-10 19:43:35,68.36,69.62,69.26
2024-08-10 19:44:35,68.36,69.8,69.26
2024-08-10 19:45:34,68.36,69.8,69.26
2024-08-10 19:46:34,68.36,69.62,69.26
2024-08-10 19:47:34,68.36,69.8,69.26
2024-08-10 19:48:33,68.36,69.62,69.26
2024-08-10 19:49:33,68.36,69.62,69.26
2024-08-10 19:50:33,68.36,69.62,69.26
2024-08-10 19:51:32,68.36,69.62,69.26
2024-08-10 19:52:32,68.36,69.62,69.26
2024-08-10 19:53:32,68.36,69.62,69.26
2024-08-10 19:54:31,68.36,69.62,69.26
2024-08-10 19:55:31,68.36,69.8,69.26
2024-08-10 19:56:31,68.36,69.8,69.26
2024-08-10 19:57:30,68.36,69.62,69.26
2024-08-10 19:58:30,68.36,69.62,69.26
2024-08-10 19:59:30,68.36,69.62,69.26
2024-08-10 20:00:29,68.54,69.62,69.26
2024-08-10 20:01:29,68.72,69.62,69.26
2024-08-10 20:02:29,68.72,69.62,69.26
2024-08-10 20:03:28,68.54,69.62,69.26
2024-08-10 20:04:28,68.36,69.62,69.26
2024-08-10 20:05:28,68.36,69.62,69.26
2024-08-10 20:06:28,68.36,69.62,69.26
2024-08-10 20:07:27,68.36,69.62,69.26
2024-08-10 20:08:27,68.36,69.62,69.26
2024-08-10 20:09:27,68.36,69.62,69.26
2024-08-10 20:10:26,68.36,69.62,69.26
2024-08-10 20:11:26,68.36,69.62,69.26
2024-08-10 20:12:26,68.36,69.62,69.26
2024-08-10 20:13:25,68.36,69.62,69.26
2024-08-10 20:14:25,68.36,69.62,69.26
2024-08-10 20:15:25,68.54,69.62,69.26
2024-08-10 20:16:24,68.72,69.62,69.26
2024-08-10 20:17:24,68.72,69.62,69.26
2024-08-10 20:18:24,68.72,69.62,69.26
2024-08-10 20:19:23,68.72,69.62,69.26
2024-08-10 20:20:23,68.9,69.62,69.26
2024-08-10 20:21:23,69.08,69.62,69.26
2024-08-10 20:22:22,69.08,69.62,69.26
2024-08-10 20:23:22,69.08,69.62,69.26
2024-08-10 20:24:22,69.08,69.62,69.26
2024-08-10 20:25:21,69.08,69.62,69.26
2024-08-10 20:26:21,69.26,69.62,69.26
2024-08-10 20:27:21,69.08,69.62,69.26
2024-08-10 20:28:20,69.08,69.62,69.26
2024-08-10 20:29:20,69.08,69.62,69.26
2024-08-10 20:30:20,69.08,69.62,69.26
2024-08-10 20:31:19,69.08,69.62,69.26
2024-08-10 20:32:19,69.08,69.62,69.26
2024-08-10 20:33:19,68.9,69.62,69.26
2024-08-10 20:34:18,68.72,69.62,69.26
2024-08-10 20:35:18,68.72,69.62,69.26
2024-08-10 20:36:18,68.54,69.62,69.26
2024-08-10 20:37:18,68.54,69.62,69.26
2024-08-10 20:38:17,68.36,69.62,69.26
2024-08-10 20:39:17,68.36,69.62,69.26
2024-08-10 20:40:17,68.36,69.62,69.26
2024-08-10 20:41:16,68.36,69.62,69.26
2024-08-10 20:42:16,68.36,69.62,69.26
2024-08-10 20:43:16,68.36,69.62,69.26
2024-08-10 20:44:15,68.36,69.62,69.26
2024-08-10 20:45:15,68.18,69.62,69.26
2024-08-10 20:46:15,68.36,69.62,69.26
2024-08-10 20:47:14,68.36,69.62,69.26
2024-08-10 20:48:14,68.36,69.62,69.26
2024-08-10 20:49:14,68.18,69.62,69.26
2024-08-10 20:50:13,68.36,69.62,69.26
2024-08-10 20:51:13,68.36,69.62,69.26
2024-08-10 20:52:13,68.36,69.62,69.26
2024-08-10 20:53:12,68.18,69.62,69.26
2024-08-10 20:54:12,68.18,69.62,69.26
2024-08-10 20:55:12,68.18,69.62,69.26
2024-08-10 20:56:11,68.18,69.62,69.08
2024-08-10 20:57:11,68.18,69.62,69.08
2024-08-10 20:58:11,68.18,69.62,69.26
2024-08-10 20:59:10,68.18,69.62,69.08
2024-08-10 21:00:10,68.18,69.62,69.08
2024-08-10 21:01:10,68.18,69.62,69.08
2024-08-10 21:02:09,68.18,69.62,69.26
2024-08-10 21:03:09,68.18,69.62,69.08
2024-08-10 21:04:09,68.18,69.62,69.08
2024-08-10 21:05:08,68.18,69.62,69.26
2024-08-10 21:06:08,68.18,69.62,69.08
2024-08-10 21:07:08,68.18,69.62,69.08
2024-08-10 21:08:08,68.18,69.62,69.08
2024-08-10 21:09:07,68.18,69.62,69.08
2024-08-10 21:10:07,68.18,69.62,69.08
2024-08-10 21:11:07,68.36,69.62,69.08
2024-08-10 21:12:06,68.36,69.62,69.08
2024-08-10 21:13:06,68.36,69.62,69.08
2024-08-10 21:14:06,68.18,69.62,69.08
2024-08-10 21:15:05,68.18,69.62,69.08
2024-08-10 21:16:05,68.18,69.62,69.08
2024-08-10 21:17:05,68.18,69.62,69.08
2024-08-10 21:18:05,68.18,69.62,69.08
2024-08-10 21:19:04,68.18,69.62,69.08
2024-08-10 21:20:04,68.36,69.62,69.08
2024-08-10 21:21:04,68.36,69.62,69.08
2024-08-10 21:22:03,68.36,69.62,69.08
2024-08-10 21:23:03,68.36,69.62,69.08
2024-08-10 21:24:03,68.54,69.62,69.08
2024-08-10 21:25:02,68.36,69.62,69.08
2024-08-10 21:26:02,68.36,69.62,69.08
2024-08-10 21:27:02,68.54,69.62,69.08
2024-08-10 21:28:01,68.54,69.62,69.08
2024-08-10 21:29:01,68.54,69.62,69.08
2024-08-10 21:30:01,68.72,69.62,69.08
2024-08-10 21:31:00,68.72,69.62,69.08
2024-08-10 21:32:00,68.72,69.62,69.08
2024-08-10 21:33:00,68.72,69.62,69.08
2024-08-10 21:33:59,68.9,69.62,69.08
2024-08-10 21:34:59,68.9,69.62,69.08
2024-08-10 21:35:59,69.08,69.62,69.08
2024-08-10 21:36:58,69.08,69.62,69.08
2024-08-10 21:37:58,69.26,69.62,69.08
2024-08-10 21:38:58,69.26,69.62,69.08
2024-08-10 21:39:58,69.08,69.62,69.08
2024-08-10 21:40:57,69.08,69.62,69.08
2024-08-10 21:41:57,69.08,69.62,69.08
2024-08-10 21:42:57,69.08,69.62,69.08
2024-08-10 21:43:56,69.08,69.62,69.08
2024-08-10 21:44:56,69.08,69.62,69.08
2024-08-10 21:45:55,69.08,69.62,69.08
2024-08-10 21:46:55,69.08,69.62,69.08
2024-08-10 21:47:55,69.08,69.62,69.08
2024-08-10 21:48:54,68.9,69.62,69.08
2024-08-10 21:49:54,68.9,69.62,69.08
2024-08-10 21:50:54,68.9,69.62,69.08
2024-08-10 21:51:54,69.08,69.62,69.08
2024-08-10 21:52:53,68.9,69.62,69.08
2024-08-10 21:53:53,68.9,69.62,69.08
2024-08-10 21:54:53,68.9,69.62,69.08
2024-08-10 21:55:52,68.9,69.62,69.08
2024-08-10 21:56:52,68.9,69.62,69.08
2024-08-10 21:57:52,68.72,69.62,69.08
2024-08-10 21:58:51,68.72,69.62,69.08
2024-08-10 21:59:51,68.72,69.62,69.08
2024-08-10 22:00:51,68.54,69.62,69.08
2024-08-10 22:01:50,68.36,69.62,69.08
2024-08-10 22:02:50,68.36,69.62,69.08
2024-08-10 22:03:50,68.36,69.62,69.08
2024-08-10 22:04:49,68.36,69.62,69.08
2024-08-10 22:05:49,68.36,69.62,69.08
2024-08-10 22:06:49,68.36,69.62,69.08
2024-08-10 22:07:48,68.18,69.62,69.08
2024-08-10 22:08:48,68.18,69.62,69.08
2024-08-10 22:09:48,68.36,69.62,69.08
2024-08-10 22:10:47,68.36,69.62,69.08
2024-08-10 22:11:47,68.36,69.62,69.08
2024-08-10 22:12:47,68.36,69.62,69.08
2024-08-10 22:13:46,68.36,69.62,69.08
2024-08-10 22:14:46,68.18,69.62,69.08
2024-08-10 22:15:46,68.36,69.62,69.08
2024-08-10 22:16:45,68.36,69.62,69.08
2024-08-10 22:17:45,68.36,69.62,69.08
2024-08-10 22:18:45,68.36,69.62,69.08
2024-08-10 22:19:44,68.54,69.62,69.08
2024-08-10 22:20:44,68.54,69.62,69.08
2024-08-10 22:21:44,68.54,69.62,69.08
2024-08-10 22:22:43,68.72,69.62,69.08
2024-08-10 22:23:43,68.72,69.62,69.08
2024-08-10 22:24:43,68.72,69.62,69.08
2024-08-10 22:25:42,68.72,69.62,69.08
2024-08-10 22:26:42,68.72,69.62,69.08
2024-08-10 22:27:42,68.72,69.62,69.08
2024-08-10 22:28:42,68.72,69.62,69.08
2024-08-10 22:29:41,68.72,69.44,69.08
2024-08-10 22:30:41,68.72,69.44,69.08
2024-08-10 22:31:41,68.9,69.44,69.08
2024-08-10 22:32:40,68.72,69.44,69.08
2024-08-10 22:33:40,68.9,69.44,69.08
2024-08-10 22:34:40,69.08,69.44,69.08
2024-08-10 22:35:39,68.9,69.62,69.08
2024-08-10 22:36:39,69.08,69.62,69.08
2024-08-10 22:37:39,69.08,69.62,69.08
2024-08-10 22:38:38,69.26,69.62,69.08
2024-08-10 22:39:38,69.26,69.62,69.08
2024-08-10 22:40:38,69.26,69.62,69.08
2024-08-10 22:41:37,69.26,69.62,69.08
2024-08-10 22:42:37,69.26,69.62,69.08
2024-08-10 22:43:37,69.44,69.62,69.08
2024-08-10 22:44:36,69.44,69.62,69.08
2024-08-10 22:45:36,69.44,69.62,69.08
2024-08-10 22:46:36,69.44,69.62,69.08
2024-08-10 22:47:35,69.44,69.62,69.08
2024-08-10 22:48:35,69.62,69.62,69.08
2024-08-10 22:49:35,69.62,69.62,69.08
2024-08-10 22:50:34,69.62,69.62,69.08
2024-08-10 22:51:34,69.62,69.62,69.08
2024-08-10 22:52:34,69.8,69.62,69.08
2024-08-10 22:53:34,69.62,69.62,69.08
2024-08-10 22:54:33,69.62,69.62,69.08
2024-08-10 22:55:33,69.62,69.62,69.08
2024-08-10 22:56:33,69.62,69.62,69.08
2024-08-10 22:57:32,69.62,69.62,69.08
2024-08-10 22:58:32,69.62,69.62,69.08
2024-08-10 22:59:32,69.62,69.62,69.08
2024-08-10 23:00:31,69.44,69.62,69.08
2024-08-10 23:01:31,69.44,69.62,69.08
2024-08-10 23:02:31,69.44,69.62,69.08
2024-08-10 23:03:30,69.62,69.62,69.08
2024-08-10 23:04:30,69.62,69.62,69.08
2024-08-10 23:05:30,69.62,69.62,69.08
2024-08-10 23:06:29,69.44,69.62,69.26
2024-08-10 23:07:29,69.62,69.62,69.08
2024-08-10 23:08:29,69.62,69.62,69.08
2024-08-10 23:09:28,69.62,69.62,69.08
2024-08-10 23:10:28,69.62,69.62,69.08
2024-08-10 23:11:28,69.62,69.62,69.26
2024-08-10 23:12:27,69.44,69.62,69.26
2024-08-10 23:13:27,69.44,69.62,69.26
2024-08-10 23:14:27,69.44,69.62,69.08
2024-08-10 23:15:26,69.44,69.62,69.26
2024-08-10 23:16:26,69.44,69.62,69.26
2024-08-10 23:17:26,69.44,69.62,69.26
2024-08-10 23:18:25,69.44,69.62,69.26
2024-08-10 23:19:25,69.44,69.62,69.26
2024-08-10 23:20:25,69.44,69.8,69.26
2024-08-10 23:21:24,69.26,69.62,69.26
2024-08-10 23:22:24,69.08,69.62,69.26
2024-08-10 23:23:24,69.26,69.62,69.26
2024-08-10 23:24:23,69.26,69.62,69.26
2024-08-10 23:25:23,69.08,69.62,69.26
2024-08-10 23:26:23,69.08,69.62,69.26
2024-08-10 23:27:22,69.08,69.62,69.26
2024-08-10 23:28:22,69.08,69.62,69.26
2024-08-10 23:29:22,69.08,69.62,69.26
2024-08-10 23:30:22,69.08,69.62,69.26
2024-08-10 23:31:21,69.08,69.62,69.26
2024-08-10 23:32:21,68.9,69.62,69.26
2024-08-10 23:33:21,68.72,69.62,69.26
2024-08-10 23:34:20,68.72,69.62,69.26
2024-08-10 23:35:20,68.72,69.62,69.26
2024-08-10 23:36:20,68.72,69.62,69.26
2024-08-10 23:37:19,68.72,69.62,69.26
2024-08-10 23:38:19,68.72,69.62,69.26
2024-08-10 23:39:19,68.72,69.62,69.26
2024-08-10 23:40:18,68.72,69.62,69.26
2024-08-10 23:41:18,68.9,69.62,69.26
2024-08-10 23:42:18,68.9,69.62,69.26
2024-08-10 23:43:17,68.9,69.62,69.26
2024-08-10 23:44:17,68.9,69.62,69.26
2024-08-10 23:45:17,68.72,69.62,69.26
2024-08-10 23:46:16,68.72,69.62,69.26
2024-08-10 23:47:16,68.72,69.62,69.26
2024-08-10 23:48:16,68.54,69.62,69.26
2024-08-10 23:49:15,68.36,69.62,69.26
2024-08-10 23:50:15,68.36,69.62,69.26
2024-08-10 23:51:15,68.36,69.62,69.26
2024-08-10 23:52:14,68.36,69.62,69.26
2024-08-10 23:53:14,68.36,69.62,69.26
2024-08-10 23:54:14,68.36,69.62,69.26
2024-08-10 23:55:14,68.36,69.62,69.26
2024-08-10 23:56:13,68.18,69.62,69.26
2024-08-10 23:57:13,68.18,69.62,69.26
2024-08-10 23:58:13,68.18,69.62,69.26
2024-08-10 23:59:12,68.18,69.62,69.26
2024-08-11 00:00:12,68.0,69.62,69.26
2024-08-11 00:01:12,68.18,69.62,69.26
2024-08-11 00:02:11,68.0,69.62,69.26
2024-08-11 00:03:11,68.18,69.62,69.26
2024-08-11 00:04:11,68.18,69.62,69.26
2024-08-11 00:05:10,68.18,69.62,69.26
2024-08-11 00:06:10,68.18,69.62,69.26
2024-08-11 00:07:10,68.18,69.62,69.26
2024-08-11 00:08:09,68.18,69.62,69.08
2024-08-11 00:09:09,68.18,69.62,69.26
2024-08-11 00:10:09,68.18,69.62,69.26
2024-08-11 00:11:08,68.18,69.62,69.26
2024-08-11 00:12:08,68.18,69.62,69.08
2024-08-11 00:13:08,68.18,69.62,69.26
2024-08-11 00:14:08,68.18,69.62,69.08
2024-08-11 00:15:07,68.18,69.62,69.08
2024-08-11 00:16:07,68.18,69.62,69.26
2024-08-11 00:17:07,68.18,69.62,69.26
2024-08-11 00:18:06,68.18,69.62,69.08
2024-08-11 00:19:06,68.18,69.62,69.08
2024-08-11 00:20:06,68.18,69.62,69.08
2024-08-11 00:21:05,68.18,69.62,69.08
2024-08-11 00:22:05,68.18,69.62,69.08
2024-08-11 00:23:05,68.18,69.62,69.08
2024-08-11 00:24:04,68.18,69.62,69.08
2024-08-11 00:25:04,68.18,69.62,69.08
2024-08-11 00:26:04,68.18,69.62,69.08
2024-08-11 00:27:03,68.18,69.62,69.08
2024-08-11 00:28:03,68.18,69.62,69.08
2024-08-11 00:29:03,68.18,69.62,69.08
2024-08-11 00:30:02,68.18,69.62,69.08
2024-08-11 00:31:02,68.18,69.62,69.08
2024-08-11 00:32:02,68.18,69.62,69.08
2024-08-11 00:33:01,68.18,69.62,69.08
2024-08-11 00:34:01,68.18,69.62,69.08
2024-08-11 00:35:01,68.36,69.62,69.08
2024-08-11 00:36:00,68.36,69.62,69.08
2024-08-11 00:37:00,68.18,69.62,69.08
2024-08-11 00:38:00,68.18,69.62,69.08
2024-08-11 00:39:00,68.18,69.62,69.08
2024-08-11 00:39:59,68.18,69.44,69.08
2024-08-11 00:40:59,68.18,69.44,69.08
2024-08-11 00:41:59,68.36,69.44,69.08
2024-08-11 00:42:58,68.36,69.44,69.08
2024-08-11 00:43:58,68.36,69.44,69.08
2024-08-11 00:44:58,68.36,69.44,69.08
2024-08-11 00:45:57,68.54,69.44,69.08
2024-08-11 00:46:57,68.72,69.44,69.08
2024-08-11 00:47:57,68.72,69.44,69.08
2024-08-11 00:48:56,68.9,69.44,69.08
2024-08-11 00:49:56,69.08,69.44,69.08
2024-08-11 00:50:56,69.08,69.44,69.08
2024-08-11 00:51:55,69.08,69.44,69.08
2024-08-11 00:52:55,69.08,69.44,69.08
2024-08-11 00:53:55,69.08,69.44,69.08
2024-08-11 00:54:54,69.26,69.44,69.08
2024-08-11 00:55:54,69.44,69.44,69.08
2024-08-11 00:56:54,69.44,69.26,69.08
2024-08-11 00:57:53,69.44,69.26,68.9
2024-08-11 00:58:53,69.44,69.08,68.9
2024-08-11 00:59:53,69.62,69.08,68.72
2024-08-11 01:00:52,69.44,67.64,68.72
2024-08-11 01:01:52,69.44,67.64,68.72
2024-08-11 01:02:52,69.44,67.46,68.54
2024-08-11 01:03:51,69.44,67.28,68.36
2024-08-11 01:04:51,69.44,67.82,68.36
2024-08-11 01:05:51,69.44,67.46,68.18
2024-08-11 01:06:50,69.44,67.28,68.18
2024-08-11 01:07:50,69.44,66.92,68.0
2024-08-11 01:08:50,69.44,66.74,67.82
2024-08-11 01:09:49,69.44,66.38,67.82
2024-08-11 01:10:49,69.44,66.2,67.82
2024-08-11 01:11:49,69.44,66.02,67.64
2024-08-11 01:12:48,69.44,65.84,67.64
2024-08-11 01:13:48,69.44,65.48,67.46
2024-08-11 01:14:48,69.44,65.3,67.28
2024-08-11 01:15:48,69.44,65.12,67.28
2024-08-11 01:16:47,69.44,64.76,67.1
2024-08-11 01:17:47,69.44,64.58,66.92
2024-08-11 01:18:47,69.44,64.58,66.92
2024-08-11 01:19:46,69.44,64.22,66.74
2024-08-11 01:20:46,69.44,64.22,66.56
2024-08-11 01:21:46,69.44,64.04,66.56
2024-08-11 01:22:45,69.44,63.68,66.38
2024-08-11 01:23:45,69.26,63.68,66.38
2024-08-11 01:24:45,69.26,63.5,66.02
2024-08-11 01:25:44,69.26,63.32,66.02
2024-08-11 01:26:44,69.26,63.32,66.02
2024-08-11 01:27:44,69.26,63.14,65.84
2024-08-11 01:28:43,69.26,62.96,65.84
2024-08-11 01:29:43,69.08,62.96,65.66
2024-08-11 01:30:43,69.08,62.78,65.48
2024-08-11 01:31:42,69.26,62.78,65.48
2024-08-11 01:32:42,69.26,62.78,65.48
2024-08-11 01:33:42,69.26,62.6,65.3
2024-08-11 01:34:41,69.26,62.6,65.12
2024-08-11 01:35:41,69.26,62.42,65.12
2024-08-11 01:36:41,69.26,62.42,65.12
2024-08-11 01:37:40,69.26,62.42,64.94
2024-08-11 01:38:40,69.44,62.42,64.76
2024-08-11 01:39:40,69.44,62.42,64.76
2024-08-11 01:40:40,69.44,62.24,64.76
2024-08-11 01:41:39,69.44,62.24,64.76
2024-08-11 01:42:39,69.44,62.24,64.58
2024-08-11 01:43:39,69.44,62.24,64.58
2024-08-11 01:44:38,69.44,62.24,64.58
2024-08-11 01:45:38,69.44,62.24,64.58
2024-08-11 01:46:38,69.44,62.24,64.58
2024-08-11 01:47:37,69.44,62.24,64.58
2024-08-11 01:48:37,69.44,62.24,64.4
2024-08-11 01:49:37,69.44,62.24,64.4
2024-08-11 01:50:36,69.44,62.24,64.4
2024-08-11 01:51:36,69.44,62.78,64.22
2024-08-11 01:52:36,69.44,63.14,64.22
2024-08-11 01:53:35,69.44,63.14,64.4
2024-08-11 01:54:35,69.26,63.32,64.4
2024-08-11 01:55:35,69.26,63.68,64.58
2024-08-11 01:56:34,69.08,63.68,64.58
2024-08-11 01:57:34,68.72,63.68,64.58
2024-08-11 01:58:34,68.54,63.86,64.58
2024-08-11 01:59:34,68.36,64.04,64.76
2024-08-11 02:00:33,68.36,64.04,64.76
2024-08-11 02:01:33,68.18,64.22,64.76
2024-08-11 02:02:33,68.36,64.22,64.76
2024-08-11 02:03:32,68.36,64.22,64.76
2024-08-11 02:04:32,68.36,64.4,64.94
2024-08-11 02:05:32,68.36,64.4,64.94
2024-08-11 02:06:31,68.36,64.58,65.12
2024-08-11 02:07:31,68.18,64.58,65.12
2024-08-11 02:08:31,68.18,64.76,65.12
2024-08-11 02:09:30,68.18,64.76,65.12
2024-08-11 02:10:30,68.18,64.76,65.12
2024-08-11 02:11:30,68.18,64.76,65.3
2024-08-11 02:12:29,68.18,64.94,65.3
2024-08-11 02:13:29,68.18,65.12,65.48
2024-08-11 02:14:29,68.18,65.12,65.48
2024-08-11 02:15:28,68.18,65.12,65.48
2024-08-11 02:16:28,68.18,65.12,65.48
2024-08-11 02:17:28,68.18,65.3,65.66
2024-08-11 02:18:27,68.18,65.48,65.66
2024-08-11 02:19:27,68.18,65.48,65.66
2024-08-11 02:20:27,68.18,65.48,65.84
2024-08-11 02:21:26,68.18,65.48,65.84
2024-08-11 02:22:26,68.18,65.66,65.84
2024-08-11 02:23:26,68.18,65.66,65.84
2024-08-11 02:24:25,68.0,65.84,65.84
2024-08-11 02:25:25,68.0,65.84,66.02
2024-08-11 02:26:25,68.0,65.84,66.02
2024-08-11 02:27:24,68.0,65.84,66.02
2024-08-11 02:28:24,68.0,66.02,66.02
2024-08-11 02:29:24,68.18,66.02,66.02
2024-08-11 02:30:23,68.18,66.02,66.02
2024-08-11 02:31:23,68.18,66.02,66.02
2024-08-11 02:32:23,68.18,66.2,66.2
2024-08-11 02:33:22,68.36,66.2,66.2
2024-08-11 02:34:22,68.36,66.2,66.2
2024-08-11 02:35:22,68.36,66.38,66.38
2024-08-11 02:36:22,68.36,66.38,66.38
2024-08-11 02:37:21,68.36,66.38,66.38
2024-08-11 02:38:21,68.36,66.38,66.38
2024-08-11 02:39:21,68.36,66.56,66.38
2024-08-11 02:40:20,68.36,66.74,66.38
2024-08-11 02:41:20,68.36,66.92,66.56
2024-08-11 02:42:20,68.36,66.92,66.56
2024-08-11 02:43:19,68.18,66.92,66.56
2024-08-11 02:44:19,68.18,66.92,66.56
2024-08-11 02:45:19,68.18,66.92,66.56
2024-08-11 02:46:18,68.18,66.92,66.56
2024-08-11 02:47:18,68.18,66.92,66.56
2024-08-11 02:48:18,68.18,66.92,66.56
2024-08-11 02:49:17,68.18,67.1,66.56
2024-08-11 02:50:17,68.36,67.1,66.74
2024-08-11 02:51:17,68.18,67.1,66.74
2024-08-11 02:52:16,68.18,67.28,66.74
2024-08-11 02:53:16,68.18,67.28,66.92
2024-08-11 02:54:16,68.0,67.28,66.92
2024-08-11 02:55:16,67.82,67.28,66.92
2024-08-11 02:56:15,67.82,67.28,66.92
2024-08-11 02:57:15,67.82,67.28,66.92
2024-08-11 02:58:15,67.82,67.28,66.92
2024-08-11 02:59:14,67.82,67.28,66.92
2024-08-11 03:00:14,67.82,67.46,66.92
2024-08-11 03:01:14,67.82,67.64,66.92
2024-08-11 03:02:13,67.82,67.64,66.92
2024-08-11 03:03:13,68.0,67.82,66.92
2024-08-11 03:04:13,68.0,67.82,66.92
2024-08-11 03:05:12,67.82,67.82,67.1
2024-08-11 03:06:12,67.82,67.82,67.1
2024-08-11 03:07:12,67.82,67.82,67.1
2024-08-11 03:08:11,67.82,67.82,67.1
2024-08-11 03:09:11,68.0,67.82,67.1
2024-08-11 03:10:11,68.0,67.82,67.28
2024-08-11 03:11:10,68.0,67.82,67.28
2024-08-11 03:12:10,68.18,67.82,67.28
2024-08-11 03:13:10,68.0,67.82,67.28
2024-08-11 03:14:09,68.0,67.82,67.28
2024-08-11 03:15:09,68.0,67.82,67.28
2024-08-11 03:16:09,68.0,68.0,67.28
2024-08-11 03:17:08,68.0,68.0,67.28
2024-08-11 03:18:08,68.18,68.0,67.28
2024-08-11 03:19:08,68.0,68.0,67.28
2024-08-11 03:20:08,68.0,68.0,67.28
2024-08-11 03:21:07,67.82,68.18,67.28
2024-08-11 03:22:07,67.82,68.18,67.28
2024-08-11 03:23:07,67.82,68.18,67.46
2024-08-11 03:24:06,67.82,68.18,67.46
2024-08-11 03:25:06,67.82,68.18,67.46
2024-08-11 03:26:06,67.82,68.18,67.46
2024-08-11 03:27:05,67.82,68.18,67.46
2024-08-11 03:28:05,67.82,68.18,67.46
2024-08-11 03:29:05,67.82,68.18,67.46
2024-08-11 03:30:04,67.82,68.18,67.46
2024-08-11 03:31:04,67.82,68.18,67.64
2024-08-11 03:32:04,67.82,68.18,67.64
2024-08-11 03:33:04,67.82,68.18,67.64
2024-08-11 03:34:03,67.82,68.18,67.64
2024-08-11 03:35:03,68.0,68.36,67.64
2024-08-11 03:36:03,68.0,68.36,67.64
2024-08-11 03:37:02,68.18,68.36,67.64
2024-08-11 03:38:02,68.18,68.54,67.64
2024-08-11 03:39:02,68.18,68.54,67.64
2024-08-11 03:40:01,68.18,68.54,67.64
2024-08-11 03:41:01,68.18,68.54,67.64
2024-08-11 03:42:01,68.18,68.54,67.64
2024-08-11 03:43:00,68.18,68.36,67.64
2024-08-11 03:44:00,68.18,68.36,67.64
2024-08-11 03:45:00,68.18,68.54,67.82
2024-08-11 03:45:59,68.36,68.54,67.82
2024-08-11 03:46:59,68.36,68.54,67.82
2024-08-11 03:47:59,68.36,68.54,67.82
2024-08-11 03:48:58,68.54,68.54,67.82
2024-08-11 03:49:58,68.72,68.54,67.82
2024-08-11 03:50:58,68.72,68.54,67.82
2024-08-11 03:51:57,68.9,68.54,67.82
2024-08-11 03:52:57,69.08,68.72,67.82
2024-08-11 03:53:57,69.08,68.72,67.82
2024-08-11 03:54:56,69.26,68.72,67.82
2024-08-11 03:55:56,69.44,68.72,67.82
2024-08-11 03:56:56,69.44,68.72,67.82
2024-08-11 03:57:56,69.44,68.72,67.82
2024-08-11 03:58:55,69.62,68.72,67.82
2024-08-11 03:59:55,69.62,68.72,68.0
2024-08-11 04:00:55,69.62,68.72,68.0
2024-08-11 04:01:54,69.62,68.72,68.0
2024-08-11 04:02:54,69.8,68.72,68.0
2024-08-11 04:03:54,69.8,68.72,68.0
2024-08-11 04:04:53,69.8,68.72,68.0
2024-08-11 04:05:53,69.8,68.72,68.18
2024-08-11 04:06:53,69.98,68.72,68.18
2024-08-11 04:07:52,69.98,68.72,68.18
2024-08-11 04:08:52,69.98,68.9,68.18
2024-08-11 04:09:52,69.98,68.9,68.18
2024-08-11 04:10:51,69.98,68.9,68.18
2024-08-11 04:11:51,70.16,68.9,68.18
2024-08-11 04:12:51,70.16,68.9,68.18
2024-08-11 04:13:50,70.16,68.9,68.18
2024-08-11 04:14:50,69.98,68.9,68.18
2024-08-11 04:15:50,69.8,68.9,68.18
2024-08-11 04:16:49,69.62,68.9,68.18
2024-08-11 04:17:49,69.62,69.08,68.18
2024-08-11 04:18:49,69.44,69.08,68.18
2024-08-11 04:19:48,69.08,69.08,68.18
2024-08-11 04:20:48,69.08,69.08,68.18
2024-08-11 04:21:48,68.9,69.08,68.18
2024-08-11 04:22:48,68.72,69.08,68.36
2024-08-11 04:23:47,68.72,69.08,68.36
2024-08-11 04:24:47,68.72,69.08,68.36
2024-08-11 04:25:47,68.72,69.08,68.36
2024-08-11 04:26:46,68.72,69.08,68.36
2024-08-11 04:27:46,68.54,69.08,68.36
2024-08-11 04:28:46,68.36,69.08,68.36
2024-08-11 04:29:45,68.36,69.08,68.36
2024-08-11 04:30:45,68.36,69.44,68.36
2024-08-11 04:31:45,68.36,69.44,68.36
2024-08-11 04:32:44,68.36,69.26,68.36
2024-08-11 04:33:44,68.36,69.26,68.36
2024-08-11 04:34:44,68.36,69.26,68.36
2024-08-11 04:35:43,68.36,69.26,68.36
2024-08-11 04:36:43,68.36,69.26,68.36
2024-08-11 04:37:43,68.36,69.26,68.36
2024-08-11 04:38:42,68.54,69.26,68.36
2024-08-11 04:39:42,68.36,69.26,68.36
2024-08-11 04:40:42,68.36,69.26,68.36
2024-08-11 04:41:41,68.54,69.26,68.36
2024-08-11 04:42:41,68.36,69.26,68.36
2024-08-11 04:43:41,68.36,69.26,68.36
2024-08-11 04:44:40,68.36,69.26,68.54
2024-08-11 04:45:40,68.36,69.26,68.36
2024-08-11 04:46:40,68.36,69.26,68.36
2024-08-11 04:47:39,68.36,69.26,68.54
2024-08-11 04:48:39,68.36,69.26,68.54
2024-08-11 04:49:39,68.36,69.26,68.54
2024-08-11 04:50:38,68.36,69.26,68.54
2024-08-11 04:51:38,68.36,69.26,68.54
2024-08-11 04:52:38,68.36,69.26,68.54
2024-08-11 04:53:38,68.36,69.26,68.54
2024-08-11 04:54:37,68.36,69.26,68.54
2024-08-11 04:55:37,68.36,69.26,68.54
2024-08-11 04:56:37,68.36,69.26,68.54
2024-08-11 04:57:36,68.36,69.26,68.54
2024-08-11 04:58:36,68.36,69.26,68.54
2024-08-11 04:59:36,68.36,69.26,68.54
2024-08-11 05:00:35,68.36,69.26,68.54
2024-08-11 05:01:35,68.36,69.26,68.54
2024-08-11 05:02:35,68.18,69.26,68.54
2024-08-11 05:03:34,68.36,69.26,68.54
2024-08-11 05:04:34,68.36,69.26,68.72
2024-08-11 05:05:34,68.36,69.26,68.54
2024-08-11 05:06:33,68.36,69.26,68.54
2024-08-11 05:07:33,68.36,69.26,68.54
2024-08-11 05:08:33,68.36,69.26,68.72
2024-08-11 05:09:32,68.18,69.26,68.72
2024-08-11 05:10:32,68.18,69.26,68.72
2024-08-11 05:11:32,68.18,69.26,68.72
2024-08-11 05:12:31,68.18,69.26,68.72
2024-08-11 05:13:31,68.36,69.26,68.72
2024-08-11 05:14:31,68.18,69.26,68.72
2024-08-11 05:15:30,68.36,69.26,68.72
2024-08-11 05:16:30,68.18,69.26,68.72
2024-08-11 05:17:30,68.36,69.26,68.72
2024-08-11 05:18:29,68.36,69.26,68.72
2024-08-11 05:19:29,68.36,69.26,68.72
2024-08-11 05:20:29,68.18,69.26,68.72
2024-08-11 05:21:28,68.18,69.26,68.72
2024-08-11 05:22:28,68.18,69.26,68.72
2024-08-11 05:23:28,68.18,69.26,68.72
2024-08-11 05:24:28,68.18,69.26,68.72
2024-08-11 05:25:27,68.18,69.26,68.72
2024-08-11 05:26:27,68.18,69.44,68.72
2024-08-11 05:27:27,68.18,69.44,68.72
2024-08-11 05:28:26,68.18,69.44,68.72
2024-08-11 05:29:26,68.18,69.44,68.72
2024-08-11 05:30:26,68.18,69.44,68.72
2024-08-11 05:31:25,68.18,69.44,68.72
2024-08-11 05:32:25,68.18,69.44,68.72
2024-08-11 05:33:25,68.0,69.44,68.72
2024-08-11 05:34:24,67.82,69.26,68.72
2024-08-11 05:35:24,67.82,69.26,68.72
2024-08-11 05:36:24,68.0,69.26,68.72
2024-08-11 05:37:23,68.18,69.44,68.72
2024-08-11 05:38:23,68.0,69.44,68.72
2024-08-11 05:39:23,68.0,69.26,68.72
2024-08-11 05:40:22,68.0,69.26,68.72
2024-08-11 05:41:22,68.0,69.26,68.72
2024-08-11 05:42:22,68.0,69.26,68.72
2024-08-11 05:43:21,68.18,69.26,68.72
2024-08-11 05:44:21,68.18,69.26,68.72
2024-08-11 05:45:21,68.18,69.26,68.72
2024-08-11 05:46:20,68.18,69.26,68.72
2024-08-11 05:47:20,68.18,69.26,68.72
2024-08-11 05:48:20,68.18,69.26,68.72
2024-08-11 05:49:19,68.18,69.26,68.72
2024-08-11 05:50:19,68.18,69.26,68.72
2024-08-11 05:51:19,68.18,69.26,68.72
2024-08-11 05:52:18,68.18,69.26,68.72
2024-08-11 05:53:18,68.18,69.26,68.72
2024-08-11 05:54:18,68.18,69.26,68.72
2024-08-11 05:55:18,68.36,69.26,68.72
2024-08-11 05:56:17,68.36,69.26,68.72
2024-08-11 05:57:17,68.36,69.26,68.72
2024-08-11 05:58:16,68.36,69.26,68.72
2024-08-11 05:59:16,68.36,69.26,68.72
2024-08-11 06:00:16,68.36,69.26,68.72
2024-08-11 06:01:16,68.72,69.44,68.72
2024-08-11 06:02:15,68.72,69.44,68.72
2024-08-11 06:03:15,68.9,69.44,68.72
2024-08-11 06:04:15,69.08,69.44,68.72
2024-08-11 06:05:14,69.08,69.44,68.72
2024-08-11 06:06:14,69.08,69.44,68.72
2024-08-11 06:07:14,69.44,69.44,68.72
2024-08-11 06:08:13,69.44,69.44,68.72
2024-08-11 06:09:13,69.44,69.44,68.72
2024-08-11 06:10:13,69.44,69.44,68.72
2024-08-11 06:11:12,69.62,69.44,68.72
2024-08-11 06:12:12,69.62,69.44,68.72
2024-08-11 06:13:12,69.62,69.44,68.72
2024-08-11 06:14:11,69.62,69.44,68.9
2024-08-11 06:15:11,69.62,69.44,68.9
2024-08-11 06:16:11,69.62,69.44,68.9
2024-08-11 06:17:10,69.62,69.44,68.9
2024-08-11 06:18:10,69.8,69.44,68.9
2024-08-11 06:19:10,69.8,69.44,68.9
2024-08-11 06:20:10,69.8,69.44,68.9
2024-08-11 06:21:09,69.8,69.44,68.9
2024-08-11 06:22:09,69.8,69.44,68.9
2024-08-11 06:23:09,69.62,69.44,68.9
2024-08-11 06:24:08,69.62,69.44,68.9
2024-08-11 06:25:08,69.62,69.44,68.9
2024-08-11 06:26:08,69.62,69.44,68.9
2024-08-11 06:27:07,69.62,69.44,68.9
2024-08-11 06:28:07,69.44,69.44,68.9
2024-08-11 06:29:07,69.44,69.44,68.9
2024-08-11 06:30:06,69.44,69.44,68.9
2024-08-11 06:31:06,69.44,69.44,68.9
2024-08-11 06:32:06,69.44,69.44,68.9
2024-08-11 06:33:05,69.44,69.44,68.9
2024-08-11 06:34:05,69.44,69.44,68.9
2024-08-11 06:35:05,69.26,69.44,68.9
2024-08-11 06:36:04,69.44,69.44,68.9
2024-08-11 06:37:04,69.26,69.44,68.9
2024-08-11 06:38:04,69.08,69.44,69.08
2024-08-11 06:39:03,69.08,69.44,69.08
2024-08-11 06:40:03,68.9,69.44,69.08
2024-08-11 06:41:03,68.9,69.62,69.08
2024-08-11 06:42:02,68.9,69.62,69.08
2024-08-11 06:43:02,68.9,69.62,69.08
2024-08-11 06:44:02,68.9,69.62,69.08
2024-08-11 06:45:01,69.08,69.62,69.08
2024-08-11 06:46:01,69.08,69.62,69.08
2024-08-11 06:47:01,69.08,69.62,69.08
2024-08-11 06:48:00,69.08,69.62,69.08
2024-08-11 06:49:00,69.26,69.62,69.08
2024-08-11 06:50:00,69.44,69.62,69.08
2024-08-11 06:51:00,69.62,69.62,69.08
2024-08-11 06:51:59,69.62,69.62,69.08
2024-08-11 06:52:59,69.62,69.62,69.08
2024-08-11 06:53:59,69.8,69.62,69.08
2024-08-11 06:54:58,69.98,69.62,69.08
2024-08-11 06:55:58,69.98,69.62,69.08
2024-08-11 06:56:58,69.98,69.62,69.08
2024-08-11 06:57:57,69.98,69.62,69.08
2024-08-11 06:58:57,69.98,69.62,69.08
2024-08-11 06:59:57,69.8,69.62,69.08
2024-08-11 07:00:56,69.62,69.62,69.08
2024-08-11 07:01:56,69.44,69.62,69.08
2024-08-11 07:02:56,69.44,69.62,69.08
2024-08-11 07:03:55,69.44,69.62,69.08
2024-08-11 07:04:55,69.44,69.62,69.08
2024-08-11 07:05:55,69.44,69.62,69.08
2024-08-11 07:06:54,69.26,69.8,69.08
2024-08-11 07:07:54,69.08,69.8,69.08
2024-08-11 07:08:54,69.08,69.8,69.08
2024-08-11 07:09:53,68.9,69.8,69.08
2024-08-11 07:10:53,68.72,69.62,69.08
2024-08-11 07:11:53,68.72,69.62,69.08
2024-08-11 07:12:52,68.54,69.62,69.08
2024-08-11 07:13:52,68.36,69.62,69.08
2024-08-11 07:14:52,68.36,69.62,69.08
2024-08-11 07:15:52,68.36,69.62,69.08
2024-08-11 07:16:51,68.36,69.62,69.08
2024-08-11 07:17:51,68.36,69.62,69.08
2024-08-11 07:18:51,68.36,69.62,69.08
2024-08-11 07:19:50,68.36,69.62,69.08
2024-08-11 07:20:50,68.36,69.62,69.08
2024-08-11 07:21:50,68.36,69.62,69.08
2024-08-11 07:22:49,68.36,69.62,69.08
2024-08-11 07:23:49,68.36,69.62,69.08
2024-08-11 07:24:49,68.36,69.62,69.08
2024-08-11 07:25:48,68.36,69.62,69.08
2024-08-11 07:26:48,68.36,69.62,69.08
2024-08-11 07:27:48,68.54,69.62,69.08
2024-08-11 07:28:47,68.36,69.62,69.08
2024-08-11 07:29:47,68.36,69.62,69.08
2024-08-11 07:30:47,68.36,69.62,69.08
2024-08-11 07:31:46,68.36,69.62,69.08
2024-08-11 07:32:46,68.18,69.62,69.08
2024-08-11 07:33:46,68.18,69.62,69.08
2024-08-11 07:34:45,68.0,69.62,69.08
2024-08-11 07:35:45,68.0,69.62,69.08
2024-08-11 07:36:45,68.0,69.62,69.08
2024-08-11 07:37:44,67.82,69.62,69.08
2024-08-11 07:38:44,67.82,69.62,69.08
2024-08-11 07:39:44,67.82,69.62,69.08
2024-08-11 07:40:43,68.0,69.62,69.08
2024-08-11 07:41:43,68.0,69.62,69.08
2024-08-11 07:42:43,68.0,69.62,69.08
2024-08-11 07:43:42,68.0,69.62,69.08
2024-08-11 07:44:42,68.0,69.62,69.08
2024-08-11 07:45:42,68.0,69.62,69.08
2024-08-11 07:46:42,68.0,69.62,69.08
2024-08-11 07:47:41,68.0,69.62,69.08
2024-08-11 07:48:41,68.0,69.62,69.08
2024-08-11 07:49:41,68.0,69.62,69.08
2024-08-11 07:50:40,68.0,69.62,69.08
2024-08-11 07:51:40,68.0,69.62,69.08
2024-08-11 07:52:40,68.0,69.62,69.08
2024-08-11 07:53:39,68.18,69.62,69.08
2024-08-11 07:54:39,68.18,69.62,69.08
2024-08-11 07:55:39,68.18,69.62,69.08
2024-08-11 07:56:38,68.18,69.62,69.08
2024-08-11 07:57:38,68.18,69.62,69.08
2024-08-11 07:58:38,68.18,69.62,69.08
2024-08-11 07:59:37,68.18,69.62,69.08
2024-08-11 08:00:37,68.18,69.62,69.08
2024-08-11 08:01:37,68.18,69.62,69.08
2024-08-11 08:02:36,68.18,69.62,69.08
2024-08-11 08:03:36,68.18,69.62,69.08
2024-08-11 08:04:36,68.18,69.62,69.08
2024-08-11 08:05:35,68.18,69.62,69.08
2024-08-11 08:06:35,68.18,69.62,69.08
2024-08-11 08:07:35,68.36,69.62,69.08
2024-08-11 08:08:34,68.36,69.62,69.08
2024-08-11 08:09:34,68.54,69.62,69.08
2024-08-11 08:10:34,68.72,69.62,69.08
2024-08-11 08:11:34,68.72,69.62,69.08
2024-08-11 08:12:33,68.9,69.62,69.08
2024-08-11 08:13:33,69.08,69.62,69.08
2024-08-11 08:14:33,69.26,69.62,69.08
2024-08-11 08:15:32,69.44,69.62,69.08
2024-08-11 08:16:32,69.44,69.62,69.08
2024-08-11 08:17:32,69.44,69.62,69.08
2024-08-11 08:18:31,69.44,69.62,69.08
2024-08-11 08:19:31,69.44,69.62,69.08
2024-08-11 08:20:31,69.44,69.62,69.08
2024-08-11 08:21:30,69.44,69.62,69.08
2024-08-11 08:22:30,69.44,69.44,69.08
2024-08-11 08:23:30,69.44,69.44,69.08
2024-08-11 08:24:29,69.44,69.44,69.08
2024-08-11 08:25:29,69.26,69.44,69.08
2024-08-11 08:26:29,69.26,69.44,69.08
2024-08-11 08:27:28,69.26,69.26,69.08
2024-08-11 08:28:28,69.26,69.26,69.08
2024-08-11 08:29:28,69.26,69.08,69.08
2024-08-11 08:30:27,69.26,69.08,68.9
2024-08-11 08:31:27,69.26,69.08,68.9
2024-08-11 08:32:27,69.26,69.08,68.9
2024-08-11 08:33:26,69.26,68.9,68.9
2024-08-11 08:34:26,69.26,68.72,68.72
2024-08-11 08:35:26,69.08,68.72,68.72
2024-08-11 08:36:26,69.08,68.72,68.72
2024-08-11 08:37:25,69.08,68.54,68.72
2024-08-11 08:38:25,68.9,68.36,68.72
2024-08-11 08:39:25,68.9,68.36,68.72
2024-08-11 08:40:24,68.9,68.0,68.72
2024-08-11 08:41:24,68.72,68.0,68.72
2024-08-11 08:42:24,68.72,67.82,68.54
2024-08-11 08:43:23,68.72,67.82,68.54
2024-08-11 08:44:23,68.72,67.82,68.54
2024-08-11 08:45:23,68.72,67.82,68.36
2024-08-11 08:46:22,68.54,67.82,68.36
2024-08-11 08:47:22,68.54,67.64,68.36
2024-08-11 08:48:22,68.54,67.64,68.36
2024-08-11 08:49:21,68.54,67.46,68.36
2024-08-11 08:50:21,68.54,67.28,68.36
2024-08-11 08:51:21,68.54,67.1,68.18
2024-08-11 08:52:20,68.36,67.1,68.18
2024-08-11 08:53:20,68.36,66.92,68.18
2024-08-11 08:54:20,68.18,66.92,68.18
2024-08-11 08:55:20,68.18,66.74,68.18
2024-08-11 08:56:19,68.18,66.74,68.18
2024-08-11 08:57:19,68.18,66.56,68.18
2024-08-11 08:58:19,68.18,66.56,68.0
2024-08-11 08:59:18,68.36,66.38,68.0
2024-08-11 09:00:18,68.36,66.38,67.82
2024-08-11 09:01:18,68.36,66.38,67.82
2024-08-11 09:02:17,68.36,66.2,67.82
2024-08-11 09:03:17,68.54,66.02,67.82
2024-08-11 09:04:17,68.54,66.02,67.82
2024-08-11 09:05:16,68.54,66.02,67.82
2024-08-11 09:06:16,68.72,65.84,67.82
2024-08-11 09:07:16,68.72,65.84,67.82
2024-08-11 09:08:15,68.72,65.84,67.64
2024-08-11 09:09:15,68.72,65.66,67.64
2024-08-11 09:10:15,68.9,65.66,67.64
2024-08-11 09:11:14,68.9,65.48,67.64
2024-08-11 09:12:14,68.9,65.48,67.64
2024-08-11 09:13:14,68.9,65.48,67.64
2024-08-11 09:14:13,69.08,65.66,67.64
2024-08-11 09:15:13,69.08,65.66,67.64
2024-08-11 09:16:13,69.26,65.84,67.64
2024-08-11 09:17:12,69.44,65.84,67.64
2024-08-11 09:18:12,69.62,65.84,67.64
2024-08-11 09:19:12,69.62,65.84,67.64
2024-08-11 09:20:12,69.62,65.84,67.64
2024-08-11 09:21:11,69.62,66.02,67.64
2024-08-11 09:22:11,69.62,66.02,67.64
2024-08-11 09:23:11,69.62,66.02,67.64
2024-08-11 09:24:10,69.62,65.84,67.64
2024-08-11 09:25:10,69.62,65.84,67.64
2024-08-11 09:26:10,69.62,65.84,67.64
2024-08-11 09:27:09,69.62,65.84,67.82
2024-08-11 09:28:09,69.62,66.02,67.82
2024-08-11 09:29:09,69.8,66.02,67.82
2024-08-11 09:30:08,69.8,66.02,67.82
2024-08-11 09:31:08,69.8,66.56,67.82
2024-08-11 09:32:08,69.8,66.56,67.82
2024-08-11 09:33:07,69.8,66.56,67.82
2024-08-11 09:34:07,69.8,66.56,67.82
2024-08-11 09:35:07,69.62,66.56,67.82
2024-08-11 09:36:06,69.62,66.56,67.82
2024-08-11 09:37:06,69.62,66.74,67.82
2024-08-11 09:38:06,69.44,66.74,67.82
2024-08-11 09:39:05,69.44,66.74,67.82
2024-08-11 09:40:05,69.26,66.92,67.82
2024-08-11 09:41:05,69.26,66.92,67.82
2024-08-11 09:42:04,69.08,66.92,67.82
2024-08-11 09:43:04,69.08,66.92,67.82
2024-08-11 09:44:04,69.08,66.92,67.82
2024-08-11 09:45:03,68.9,66.92,68.0
2024-08-11 09:46:03,68.9,66.92,67.82
2024-08-11 09:47:03,68.9,67.1,68.0
2024-08-11 09:48:02,68.9,67.1,68.0
2024-08-11 09:49:02,68.72,67.1,68.0
2024-08-11 09:50:02,68.54,67.28,68.0
2024-11-19 09:20:42,68.72,70.52,70.16
2024-11-19 09:21:42,68.9,70.52,70.16
2024-11-19 09:22:41,68.9,70.34,70.16
2024-11-19 09:23:41,68.72,70.34,70.16
2024-11-19 09:24:41,68.9,70.34,70.16
2024-11-19 09:25:40,68.9,70.34,70.16
2024-11-19 09:26:40,68.9,70.16,69.98
2024-11-19 09:27:40,68.9,70.16,69.98
2024-11-19 09:28:39,68.9,70.16,69.98
2024-11-19 09:29:39,68.9,70.16,69.98
2024-11-19 09:30:39,68.9,70.16,69.98
2024-11-19 09:31:38,68.9,70.16,69.98
2024-11-19 09:32:38,68.9,70.16,69.98
2024-11-19 09:33:38,68.9,70.16,69.98
2024-11-19 09:34:37,68.9,70.16,69.98
2024-11-19 09:35:37,68.9,70.16,69.98
2024-11-19 09:36:37,68.9,70.16,69.98
2024-11-19 09:37:36,68.72,70.16,69.98
2024-11-19 09:38:36,68.9,69.98,69.8
2024-11-19 09:39:36,68.72,69.98,69.8
2024-11-19 09:40:36,68.72,69.98,69.8
2024-11-19 09:41:35,68.72,69.98,69.8
2024-11-19 09:42:35,68.72,69.98,69.8
2024-11-19 09:43:35,68.72,69.98,69.8
2024-11-19 09:44:34,68.72,69.98,69.8
2024-11-19 09:45:34,68.72,69.98,69.8
2024-11-19 09:46:35,68.72,69.98,69.8
2024-11-19 09:47:34,68.72,69.98,69.62
2024-11-19 09:48:34,68.72,69.98,69.62
2024-11-19 09:49:34,68.72,69.8,69.62
2024-11-19 09:50:33,68.72,69.8,69.62
2024-11-19 09:51:33,68.72,69.8,69.62
2024-11-19 09:52:33,68.72,69.8,69.62
2024-11-19 09:53:32,68.54,69.8,69.62
2024-11-19 09:54:32,68.54,69.62,69.62
2024-11-19 09:55:32,68.72,69.8,69.62
2024-11-19 09:56:31,68.72,69.62,69.62
2024-11-19 09:57:31,68.54,69.62,69.62
2024-11-19 09:58:31,68.54,69.62,69.62
2024-11-19 09:59:30,68.72,69.62,69.62
2024-11-19 10:00:30,68.72,69.62,69.62
2024-11-19 10:01:30,68.72,69.62,69.44
2024-11-19 10:02:30,68.54,69.62,69.44
2024-11-19 10:03:29,68.54,69.62,69.62
2024-11-19 10:04:29,68.54,69.62,69.44
2024-11-19 10:05:29,68.54,69.62,69.44
2024-11-19 10:06:28,68.54,69.62,69.44
2024-11-19 10:07:28,68.54,69.62,69.44
2024-11-19 10:08:28,68.54,69.62,69.44
2024-11-19 10:09:27,68.54,69.44,69.44
2024-11-19 10:10:27,68.54,69.62,69.44
2024-11-19 10:11:27,68.54,69.44,69.44
2024-11-19 10:12:26,68.72,69.44,69.44
2024-11-19 10:13:26,68.72,68.0,103.28
2024-11-19 10:14:26,68.72,68.0,103.28
2024-11-19 10:15:25,68.72,68.0,102.92
2024-11-19 10:16:25,68.72,68.0,102.56
2024-11-19 10:17:25,68.54,68.0,101.84
2024-11-19 10:18:24,68.54,68.18,101.12
2024-11-19 10:19:24,68.72,68.18,100.22
2024-11-19 10:20:24,68.72,68.18,99.32
2024-11-19 10:21:24,68.72,68.18,98.42
2024-11-19 10:22:23,68.72,68.18,97.52
2024-11-19 10:23:23,68.72,68.18,96.62
2024-11-19 10:24:23,68.72,68.36,95.72
2024-11-19 10:25:22,68.72,68.36,94.82
2024-11-19 10:26:22,68.72,68.36,94.1
2024-11-19 10:27:22,68.72,68.36,93.38
2024-11-19 10:28:21,68.72,68.54,92.66
2024-11-19 10:29:21,68.72,68.54,91.94
2024-11-19 10:30:21,68.72,68.54,91.22
2024-11-19 10:31:20,68.72,68.54,90.68
2024-11-19 10:32:20,68.72,68.72,89.96
2024-11-19 10:33:20,68.72,68.72,89.42
2024-11-19 10:34:19,68.72,68.72,88.7
2024-11-19 10:35:19,68.72,68.72,88.16
2024-11-19 10:36:19,68.72,68.72,87.62
2024-11-19 10:37:18,68.72,68.72,87.08
2024-11-19 10:38:18,68.72,68.72,86.36
2024-11-19 10:39:18,68.72,68.72,85.82
2024-11-19 10:40:18,68.72,68.72,85.46
2024-11-19 10:41:17,68.72,68.72,84.92
2024-11-19 10:42:17,68.54,68.72,84.56
2024-11-19 10:43:17,68.54,68.72,84.02
2024-11-19 10:44:16,68.36,68.72,83.66
2024-11-19 10:45:16,68.36,68.72,83.3
2024-11-19 10:46:16,68.36,68.72,82.94
2024-11-19 10:47:15,68.36,68.72,82.58
2024-11-19 10:48:15,68.36,68.72,82.22
2024-11-19 10:49:15,68.36,68.72,81.86
2024-11-19 10:50:14,68.36,68.72,81.5
2024-11-19 10:51:14,68.36,68.72,81.14
2024-11-19 10:52:14,68.36,68.72,80.78
2024-11-19 10:53:13,68.36,68.72,80.42
2024-11-19 10:54:13,68.36,68.72,80.24
2024-11-19 10:55:13,68.18,68.72,79.88
2024-11-19 10:56:12,68.18,68.72,79.7
2024-11-19 10:57:12,68.18,68.72,79.34
2024-11-19 10:58:12,68.18,68.9,79.16
2024-11-19 10:59:11,68.18,68.72,78.8
2024-11-19 11:00:11,68.18,68.72,78.62
2024-11-19 11:01:11,68.18,68.72,78.44
2024-11-19 11:02:10,68.18,68.72,78.08
2024-11-19 11:03:10,68.18,68.72,77.9
2024-11-19 11:04:10,68.36,68.72,77.72
2024-11-19 11:05:10,68.36,68.72,77.36
2024-11-19 11:06:09,68.36,68.72,77.18
2024-11-19 11:07:09,68.36,68.9,77.0
2024-11-19 11:08:09,68.36,68.9,76.82
2024-11-19 11:09:08,68.36,68.9,76.64
2024-11-19 11:10:08,68.36,68.72,76.46
2024-11-19 11:11:08,68.36,68.9,76.28
2024-11-19 11:12:07,68.36,68.72,76.1
2024-11-19 11:13:07,68.36,68.9,75.92
2024-11-19 11:14:07,68.36,68.72,75.74
2024-11-19 11:15:06,68.36,68.72,75.56
2024-11-19 11:16:06,68.36,68.9,75.38
2024-11-19 11:17:06,68.36,68.9,75.2
2024-11-19 11:18:05,68.36,68.9,75.02
2024-11-19 11:19:05,68.36,68.72,74.84
2024-11-19 11:20:05,68.36,68.72,74.84
2024-11-19 11:21:04,68.36,68.9,74.66
2024-11-19 11:22:04,68.36,68.9,74.48
2024-11-19 11:23:05,68.36,68.72,74.3
2024-11-19 11:24:04,68.18,68.9,74.12
2024-11-19 11:25:04,68.36,68.72,74.12
2024-11-19 11:26:04,68.36,68.9,73.94
2024-11-19 11:27:04,68.36,68.72,73.76
2024-11-19 11:28:03,68.18,68.72,73.76
2024-11-19 11:29:03,68.18,68.72,73.58
2024-11-19 11:30:03,68.36,68.72,73.58
2024-11-19 11:31:02,68.36,68.72,73.4
2024-11-19 11:32:02,68.36,68.72,73.22
2024-11-19 11:33:02,68.36,68.72,73.22
2024-11-19 11:34:01,68.36,68.72,73.04
2024-11-19 11:35:01,68.36,68.72,73.04
2024-11-19 11:36:01,68.36,68.72,72.86
2024-11-19 11:37:00,68.36,68.72,72.68
2024-11-19 11:38:00,68.36,68.72,72.68
2024-11-19 11:39:00,68.36,68.72,72.5
2024-11-19 11:39:59,68.36,68.72,72.32
2024-11-19 11:40:59,68.36,68.9,72.32
2024-11-19 11:41:59,68.36,68.72,72.32
2024-11-19 11:42:58,68.36,68.72,72.14
2024-11-19 11:43:58,68.36,68.72,71.96
2024-11-19 11:44:58,68.36,68.72,71.96
2024-11-19 11:45:58,68.36,68.72,71.96
2024-11-19 11:46:57,68.36,68.9,71.96
2024-11-19 11:47:57,68.36,68.72,71.78
2024-11-19 11:48:57,68.36,68.9,71.78
2024-11-19 11:49:56,68.36,68.9,71.6
2024-11-19 11:50:56,68.36,68.9,71.6
2024-11-19 11:51:56,68.36,68.9,71.42
2024-11-19 11:52:55,68.36,68.9,71.42
2024-11-19 11:53:55,68.36,68.9,71.42
2024-11-19 11:54:55,68.54,68.9,71.42
2024-11-19 11:55:54,68.54,68.9,71.24
2024-11-19 11:56:54,68.54,69.08,71.24
2024-11-19 11:57:54,68.54,69.08,71.24
2024-11-19 11:58:53,68.36,69.08,71.24
2024-11-19 11:59:53,68.54,69.08,71.06
2024-11-19 12:00:53,68.36,69.08,70.88
2024-11-19 12:01:52,68.36,69.08,70.88
2024-11-19 12:02:52,68.36,69.08,70.88
2024-11-19 12:03:52,68.36,69.08,70.88
2024-11-19 12:04:51,68.36,69.08,70.88
2024-11-19 12:05:51,68.36,69.08,70.7
2024-11-19 12:06:52,68.54,69.08,70.7
2024-11-19 12:07:52,68.54,69.08,70.52
2024-11-19 12:08:51,68.54,69.08,70.52
2024-11-19 12:09:51,68.54,69.08,70.52
2024-11-19 12:10:51,68.72,69.08,70.52
2024-11-19 12:11:50,68.72,69.08,70.52
2024-11-19 12:12:50,68.72,69.08,70.52
2024-11-19 12:13:50,68.72,69.08,70.34
2024-11-19 12:14:49,68.72,69.08,70.34
2024-11-19 12:15:49,68.72,69.08,70.34
2024-11-19 12:16:49,68.72,69.08,70.16
2024-11-19 12:17:48,68.54,69.08,70.16
2024-11-19 12:18:48,68.54,69.08,70.16
2024-11-19 12:19:48,68.54,69.08,70.16
2024-11-19 12:20:47,68.54,69.08,70.16
2024-11-19 12:21:47,68.72,69.08,70.16
2024-11-19 12:22:47,68.72,69.08,70.16
2024-11-19 12:23:46,68.72,69.08,70.16
2024-11-19 12:24:46,68.72,69.08,69.98
2024-11-19 12:25:46,68.72,69.08,69.98
2024-11-19 12:26:46,68.72,69.08,69.98
2024-11-19 12:27:45,68.72,69.08,69.98
2024-11-19 12:28:45,68.72,69.08,69.98
2024-11-19 12:29:45,68.72,69.08,69.98
2024-11-19 12:30:44,68.72,69.08,69.98
2024-11-19 12:31:44,68.72,69.08,69.98
2024-11-19 12:32:44,68.9,69.08,69.98
2024-11-19 12:33:43,68.9,69.08,69.98
2024-11-19 12:34:43,68.9,69.08,69.98
2024-11-19 12:35:43,68.72,69.08,69.8
2024-11-19 12:36:42,68.72,69.08,69.8
2024-11-19 12:37:42,68.72,69.08,69.8
2024-11-19 12:38:42,68.72,69.08,69.8
2024-11-19 12:39:41,68.54,69.08,69.8
2024-11-19 12:40:41,68.54,69.08,69.62
2024-11-19 12:41:41,68.54,69.08,69.62
2024-11-19 12:42:40,68.54,69.08,69.62
2024-11-19 12:43:40,68.72,69.08,69.62
2024-11-19 12:44:40,68.72,69.08,69.62
2024-11-19 12:45:39,68.72,69.08,69.62
2024-11-19 12:46:39,68.72,69.08,69.62
2024-11-19 12:47:39,68.72,69.08,69.62
2024-11-19 12:48:38,68.72,69.08,69.62
2024-11-19 12:49:38,68.72,69.08,69.62
2024-11-19 12:50:38,68.72,69.08,69.62
2024-11-19 12:51:38,68.72,69.08,69.62
2024-11-19 12:52:37,68.72,69.08,69.62
2024-11-19 12:53:37,68.72,69.08,69.62
2024-11-19 12:54:36,68.54,69.08,69.62
2024-11-19 12:55:36,68.54,69.08,69.44
2024-11-19 12:56:36,68.54,69.08,69.44
2024-11-19 12:57:36,68.36,69.08,69.44
2024-11-19 12:58:35,68.36,69.08,69.44
2024-11-19 12:59:35,68.36,69.26,69.44
2024-11-19 13:00:36,68.36,69.08,69.44
2024-11-19 13:01:35,68.36,69.08,69.44
2024-11-19 13:02:35,68.36,69.08,69.44
2024-11-19 13:03:35,68.36,69.08,69.44
2024-11-19 13:04:34,68.36,69.08,69.44
2024-11-19 13:05:34,68.36,69.08,69.44
2024-11-19 13:06:34,68.36,69.08,69.44
2024-11-19 13:07:33,68.36,69.08,69.44
2024-11-19 13:08:33,68.36,69.08,69.44
2024-11-19 13:09:33,68.36,69.08,69.44
2024-11-19 13:10:32,68.54,69.08,69.44
2024-11-19 13:11:32,68.54,69.08,69.44
2024-11-19 13:12:32,68.72,69.08,69.44
2024-11-19 13:13:32,68.72,69.08,69.44
2024-11-19 13:14:31,68.72,69.26,69.44
2024-11-19 13:15:31,68.72,69.08,69.44
2024-11-19 13:16:31,68.54,69.08,69.44
2024-11-19 13:17:30,68.72,69.08,69.44
2024-11-19 13:18:30,68.54,69.08,69.44
2024-11-19 13:19:30,68.72,69.26,69.26
2024-11-19 13:20:29,68.54,69.26,69.26
2024-11-19 13:21:29,68.36,69.08,69.26
2024-11-19 13:22:29,68.36,69.08,69.26
2024-11-19 13:23:28,68.36,69.08,69.26
2024-11-19 13:24:28,68.36,69.08,69.26
2024-11-19 13:25:28,68.36,69.08,69.26
2024-11-19 13:26:27,68.36,69.08,69.26
2024-11-19 13:27:27,68.36,69.08,69.26
2024-11-19 13:28:27,68.36,69.08,69.26
2024-11-19 13:29:26,68.36,69.26,69.26
2024-11-19 13:30:26,68.36,69.08,69.26
2024-11-19 13:31:26,68.36,69.26,69.26
2024-11-19 13:32:25,68.36,69.08,69.08
2024-11-19 13:33:25,68.54,69.08,69.08
2024-11-19 13:34:25,68.54,69.26,69.08
2024-11-19 13:35:24,68.54,69.08,69.08
2024-11-19 13:36:24,68.54,69.26,69.08
2024-11-19 13:37:24,68.54,69.26,69.08
2024-11-19 13:38:24,68.72,69.26,69.08
2024-11-19 13:39:23,68.72,69.08,69.08
2024-11-19 13:40:23,68.72,69.26,69.08
2024-11-19 13:41:23,68.54,69.08,69.08
2024-11-19 13:42:22,68.72,69.26,69.08
2024-11-19 13:43:22,68.72,69.26,69.08
2024-11-19 13:44:22,68.72,69.26,69.08
2024-11-19 13:45:21,68.72,69.26,69.08
2024-11-19 13:46:21,68.72,69.26,69.08
2024-11-19 13:47:21,68.72,69.26,69.08
2024-11-19 13:48:20,68.9,69.26,69.08
2024-11-19 13:49:20,68.9,69.26,69.08
2024-11-19 13:50:20,68.9,69.44,69.08
2024-11-19 13:51:19,69.08,69.26,69.08
2024-11-19 13:52:19,69.08,69.26,69.08
2024-11-19 13:53:19,69.08,69.26,69.08
2024-11-19 13:54:18,69.08,69.26,69.08
2024-11-19 13:55:18,69.08,69.26,69.08
2024-11-19 13:56:18,69.08,69.26,69.08
2024-11-19 13:57:17,69.08,69.26,69.08
2024-11-19 13:58:17,69.26,69.44,69.08
2024-11-19 13:59:17,69.26,69.44,69.08
2024-11-19 14:00:16,69.26,69.44,69.08
2024-11-19 14:01:16,69.26,69.44,69.08
2024-11-19 14:02:16,69.44,69.44,69.08
2024-11-19 14:03:16,69.44,69.44,69.08
2024-11-19 14:04:15,69.44,69.44,69.08
2024-11-19 14:05:15,69.44,69.44,69.08
2024-11-19 14:06:15,69.44,69.44,69.08
2024-11-19 14:07:14,69.44,69.44,69.08
2024-11-19 14:08:14,69.44,69.44,69.08
2024-11-19 14:09:14,69.44,69.44,69.08
2024-11-19 14:10:13,69.44,69.44,69.08
2024-11-19 14:11:13,69.44,69.44,69.08
2024-11-19 14:12:13,69.44,69.44,69.08
2024-11-19 14:13:12,69.44,69.44,69.08
2024-11-19 14:14:12,69.44,69.44,69.08
2024-11-19 14:15:12,69.44,69.44,69.08
2024-11-19 14:16:11,69.44,69.44,69.08
2024-11-19 14:17:11,69.44,69.44,69.08
2024-11-19 14:18:11,69.44,69.44,69.08
2024-11-19 14:19:10,69.44,69.44,69.08
2024-11-19 14:20:10,69.44,69.44,69.08
2024-11-19 14:21:10,69.44,69.44,69.08
2024-11-19 14:22:10,69.44,69.44,69.08
2024-11-19 14:23:09,69.44,69.44,69.08
2024-11-19 14:24:09,69.44,69.44,69.08
2024-11-19 14:25:09,69.44,69.62,69.08
2024-11-19 14:26:08,69.44,69.62,69.08
2024-11-19 14:27:08,69.44,69.62,69.08
2024-11-19 14:28:08,69.44,69.62,69.08
2024-11-19 14:29:07,69.44,69.62,69.08
2024-11-19 14:30:07,69.44,69.62,69.08
2024-11-19 14:31:07,69.44,69.62,69.08
2024-11-19 14:32:06,69.44,69.62,69.08
2024-11-19 14:33:06,69.44,69.62,69.08
2024-11-19 14:34:06,69.44,69.62,69.08
2024-11-19 14:35:05,69.44,69.62,69.08
2024-11-19 14:36:05,69.44,69.62,69.08
2024-11-19 14:37:05,69.44,69.62,69.08
2024-11-19 14:38:04,69.44,69.62,69.08
2024-11-19 14:39:04,69.44,69.62,69.08
2024-11-19 14:40:04,69.44,69.62,69.08
2024-11-19 14:41:03,69.44,69.62,69.08
2024-11-19 14:42:03,69.44,69.62,69.08
2024-11-19 14:43:03,69.44,69.62,69.08
2024-11-19 14:44:02,69.26,69.62,69.08
2024-11-19 14:45:02,69.26,69.62,69.08
2024-11-19 14:46:02,69.26,69.62,69.08
2024-11-19 14:47:01,69.26,69.62,69.08
2024-11-19 14:48:01,69.08,69.62,69.08
2024-11-19 14:49:01,68.9,69.62,69.08
2024-11-19 14:50:00,68.9,69.62,69.08
2024-11-19 14:51:00,68.9,69.62,69.08
2024-11-19 14:52:00,68.72,69.62,69.08
2024-11-19 14:53:00,68.72,69.62,69.08
2024-11-19 14:53:59,68.72,69.62,69.08
2024-11-19 14:54:59,68.72,69.62,69.08
2024-11-19 14:55:59,68.72,69.62,69.08
2024-11-19 14:56:58,68.72,69.62,69.08
2024-11-19 14:57:58,68.72,69.62,69.08
2024-11-19 14:58:58,68.72,69.62,69.08
2024-11-19 14:59:57,68.72,69.62,69.08
2024-11-19 15:00:57,68.72,69.44,69.08
2024-11-19 15:01:57,68.72,69.44,69.08
2024-11-19 15:02:56,68.72,69.44,69.08
2024-11-19 15:03:56,68.72,69.44,69.08
2024-11-19 15:04:56,68.72,69.44,69.08
2024-11-19 15:05:55,68.72,69.44,69.08
2024-11-19 15:06:55,68.72,69.44,69.08
2024-11-19 15:07:56,68.72,69.44,69.08
2024-11-19 15:08:55,68.72,69.62,69.08
2024-11-19 15:09:55,68.72,69.62,69.08
2024-11-19 15:10:55,68.72,69.62,69.08
2024-11-19 15:11:54,68.72,69.62,69.08
2024-11-19 15:12:54,68.54,69.62,69.08
2024-11-19 15:13:54,68.54,69.44,69.08
2024-11-19 15:14:54,68.54,69.44,69.08
2024-11-19 15:15:53,68.54,69.44,69.08
2024-11-19 15:16:53,68.54,69.44,69.08
2024-11-19 15:17:53,68.54,69.44,69.08
2024-11-19 15:18:52,68.54,69.44,69.08
2024-11-19 15:19:52,68.54,69.44,69.08
2024-11-19 15:20:52,68.54,69.62,69.08
2024-11-19 15:21:51,68.36,69.62,69.08
2024-11-19 15:22:51,68.36,69.44,69.08
2024-11-19 15:23:51,68.54,69.44,69.08
2024-11-19 15:24:50,68.54,69.44,69.08
2024-11-19 15:25:50,68.36,69.44,69.08
2024-11-19 15:26:50,68.36,69.44,69.08
2024-11-19 15:27:49,68.36,69.44,69.08
2024-11-19 15:28:49,68.36,69.44,69.08
2024-11-19 15:29:49,68.54,69.44,69.08
2024-11-19 15:30:48,68.54,69.44,69.08
2024-11-19 15:31:48,68.72,69.44,69.08
2024-11-19 15:32:48,68.72,69.44,69.08
2024-11-19 15:33:48,68.72,69.44,69.08
2024-11-19 15:34:47,68.72,69.44,69.08
2024-11-19 15:35:47,68.9,69.44,69.08
2024-11-19 15:36:47,69.08,69.44,69.08
2024-11-19 15:37:46,69.08,69.44,69.08
2024-11-19 15:38:46,69.08,69.44,69.08
2024-11-19 15:39:46,69.08,69.44,69.08
2024-11-19 15:40:45,69.08,69.44,69.08
2024-11-19 15:41:45,69.08,69.44,69.08
2024-11-19 15:42:45,69.08,69.44,69.08
2024-11-19 15:43:44,69.26,69.44,69.08
2024-11-19 15:44:44,69.26,69.44,69.08
2024-11-19 15:45:44,69.26,69.44,69.08
2024-11-19 15:46:43,69.26,69.44,69.08
2024-11-19 15:47:43,69.44,69.44,69.08
2024-11-19 15:48:44,69.44,69.44,69.08
2024-11-19 15:49:43,69.44,69.44,69.08
2024-11-19 15:50:43,69.44,69.44,69.08
2024-11-19 15:51:43,69.44,69.44,69.08
2024-11-19 15:52:42,69.62,69.44,69.08
2024-11-19 15:53:42,69.62,69.44,69.08
2024-11-19 15:54:43,69.62,69.44,69.08
2024-11-19 15:55:43,69.62,69.44,69.08
2024-11-19 15:56:42,69.44,69.44,69.08
2024-11-19 15:57:42,69.62,69.44,69.08
2024-11-19 15:58:42,69.44,69.44,69.08
2024-11-19 15:59:41,69.44,69.44,69.08
2024-11-19 16:00:41,69.44,69.44,69.08
2024-11-19 16:01:41,69.44,69.44,69.08
2024-11-19 16:02:40,69.44,69.44,69.08
2024-11-19 16:03:40,69.44,69.44,69.08
2024-11-19 16:04:40,69.44,69.44,69.08
2024-11-19 16:05:39,69.26,69.44,69.08
2024-11-19 16:06:39,69.26,69.44,69.08
2024-11-19 16:07:39,69.08,69.62,69.08
2024-11-19 16:08:38,69.08,69.44,69.08
2024-11-19 16:09:38,69.08,69.62,69.08
2024-11-19 16:10:38,68.9,69.44,69.08
2024-11-19 16:11:37,68.9,69.44,69.08
2024-11-19 16:12:37,68.72,69.44,69.08
2024-11-19 16:13:37,68.54,69.44,68.9
2024-11-19 16:14:36,68.36,69.44,68.9
2024-11-19 16:15:36,68.36,69.62,69.08
2024-11-19 16:16:36,68.36,69.44,68.9
2024-11-19 16:17:36,68.36,69.62,68.9
2024-11-19 16:18:35,68.54,69.44,68.9
2024-11-19 16:19:35,68.54,69.62,68.9
2024-11-19 16:20:35,68.72,69.44,68.9
2024-11-19 16:21:34,68.72,69.44,68.9
2024-11-19 16:22:34,68.72,69.44,68.9
2024-11-19 16:23:34,68.72,69.62,68.9
2024-11-19 16:24:33,68.72,69.62,68.9
2024-11-19 16:25:33,68.72,69.62,68.9
2024-11-19 16:26:33,68.54,69.44,68.9
2024-11-19 16:27:32,68.72,69.44,68.9
2024-11-19 16:28:32,68.72,69.44,68.9
2024-11-19 16:29:32,68.72,69.44,68.9
2024-11-19 16:30:31,68.72,69.62,68.72
2024-11-19 16:31:31,68.72,69.44,68.9
2024-11-19 16:32:31,68.72,69.62,68.9
2024-11-19 16:33:30,68.72,69.62,68.9
2024-11-19 16:34:30,68.72,69.44,68.72
2024-11-19 16:35:30,68.72,69.62,68.72
2024-11-19 16:36:30,68.72,69.62,68.72
2024-11-19 16:37:29,68.72,69.44,68.72
2024-11-19 16:38:29,68.72,69.44,68.72
2024-11-19 16:39:29,68.9,69.62,68.72
2024-11-19 16:40:28,68.72,69.62,68.72
2024-11-19 16:41:28,68.9,69.62,68.72
2024-11-19 16:42:28,69.08,69.62,68.72
2024-11-19 16:43:27,69.08,69.62,68.72
2024-11-19 16:44:27,69.08,69.62,68.72
2024-11-19 16:45:27,68.9,69.62,68.72
2024-11-19 16:46:26,69.08,69.62,68.72
2024-11-19 16:47:26,69.08,69.62,68.72
2024-11-19 16:48:26,69.08,69.62,68.72
2024-11-19 16:49:25,69.08,69.62,68.72
2024-11-19 16:50:25,69.44,69.62,68.72
2024-11-19 16:51:25,69.44,69.62,68.72
2024-11-19 16:52:24,69.44,69.62,68.72
2024-11-19 16:53:24,69.44,69.62,68.72
2024-11-19 16:54:24,69.44,69.62,68.72
2024-11-19 16:55:24,69.62,69.62,68.72
2024-11-19 16:56:23,69.62,69.62,68.72
2024-11-19 16:57:23,69.62,69.62,68.72
2024-11-19 16:58:23,69.62,69.44,68.72
2024-11-19 16:59:22,69.62,69.62,68.72
2024-11-19 17:00:22,69.62,69.44,68.72
2024-11-19 17:01:22,69.62,69.62,68.72
2024-11-19 17:02:21,69.62,69.62,68.72
2024-11-19 17:03:21,69.8,69.62,68.72
2024-11-19 17:04:21,69.8,69.62,68.72
2024-11-19 17:05:20,69.98,69.44,68.72
2024-11-19 17:06:20,69.8,69.62,68.72
2024-11-19 17:07:20,69.8,69.62,68.72
2024-11-19 17:08:19,69.8,69.62,68.9
2024-11-19 17:09:19,69.62,69.44,68.72
2024-11-19 17:10:19,69.98,69.44,68.72
2024-11-19 17:11:19,69.98,69.44,68.9
2024-11-19 17:12:18,69.8,69.62,68.9
2024-11-19 17:13:18,69.62,69.44,68.72
2024-11-19 17:14:18,69.8,69.44,68.9
2024-11-19 17:15:17,69.8,69.44,68.9
2024-11-19 17:16:17,69.8,69.44,68.9
2024-11-19 17:17:17,69.98,69.62,68.9
2024-11-19 17:18:16,69.8,69.62,68.9
2024-11-19 17:19:16,69.8,69.44,68.9
2024-11-19 17:20:16,69.8,69.62,68.9
2024-11-19 17:21:16,69.62,69.44,68.9
2024-11-19 17:22:15,69.8,69.44,68.9
2024-11-19 17:23:15,69.62,69.62,68.9
2024-11-19 17:24:15,69.62,69.62,68.9
2024-11-19 17:25:14,69.62,69.62,68.9
2024-11-19 17:26:14,69.62,69.62,68.9
2024-11-19 17:27:14,69.62,69.62,68.9
2024-11-19 17:28:13,69.8,69.62,68.9
2024-11-19 17:29:13,69.62,69.62,68.9
2024-11-19 17:30:13,69.8,69.62,68.9
2024-11-19 17:31:12,69.62,69.62,68.9
2024-11-19 17:32:12,69.62,69.62,68.9
2024-11-19 17:33:12,69.62,69.62,68.9
2024-11-19 17:34:11,69.62,69.62,68.9
2024-11-19 17:35:11,69.8,69.62,68.9
2024-11-19 17:36:11,69.98,69.62,68.9
2024-11-19 17:37:10,69.8,69.62,68.9
2024-11-19 17:38:10,69.98,69.62,68.9
2024-11-19 17:39:10,69.98,69.62,68.9
2024-11-19 17:40:09,69.98,69.62,68.9
2024-11-19 17:41:09,69.98,69.62,69.08
2024-11-19 17:42:09,69.98,69.62,69.08
2024-11-19 17:43:08,69.98,69.62,69.08
2024-11-19 17:44:08,69.98,69.62,69.08
2024-11-19 17:45:08,69.98,69.62,69.08
2024-11-19 17:46:08,69.98,69.62,69.08
2024-11-19 17:47:07,69.98,69.62,69.08
2024-11-19 17:48:07,69.98,69.62,69.08
2024-11-19 17:49:07,69.98,69.62,69.08
2024-11-19 17:50:06,69.98,69.62,69.08
2024-11-19 17:51:06,69.98,69.62,69.08
2024-11-19 17:52:06,69.98,69.62,69.08
2024-11-19 17:53:05,69.8,69.62,69.08
2024-11-19 17:54:05,69.8,69.62,69.08
2024-11-19 17:55:05,69.8,69.62,69.08
2024-11-19 17:56:04,69.62,69.62,69.08
2024-11-19 17:57:04,69.8,69.62,69.08
2024-11-19 17:58:05,69.8,69.62,69.08
2024-11-19 17:59:04,69.8,69.62,69.08
2024-11-19 18:00:04,69.98,69.62,69.08
2024-11-19 18:01:04,69.98,69.62,69.08
2024-11-19 18:02:03,69.98,69.62,69.08
2024-11-19 18:03:03,69.8,69.62,69.08
2024-11-19 18:04:03,69.8,69.62,69.08
2024-11-19 18:05:02,69.62,69.62,69.08
2024-11-19 18:06:02,69.62,69.62,69.08
2024-11-19 18:07:02,69.62,69.62,69.08
2024-11-19 18:08:01,69.44,69.62,69.08
2024-11-19 18:09:01,69.44,69.62,69.08
2024-11-19 18:10:01,69.44,69.62,69.08
2024-11-19 18:11:00,69.26,69.62,69.08
2024-11-19 18:12:00,69.26,69.62,69.08
2024-11-19 18:13:00,69.08,69.62,69.08
2024-11-19 18:14:00,69.26,69.62,69.08
2024-11-19 18:14:59,69.08,69.62,69.08
2024-11-19 18:15:59,69.08,69.62,69.08
2024-11-19 18:16:59,68.9,69.62,69.08
2024-11-19 18:17:58,69.08,69.62,69.08
2024-11-19 18:18:58,68.9,69.62,69.08
2024-11-19 18:19:58,68.9,69.62,69.08
2024-11-19 18:20:57,68.72,69.62,69.08
2024-11-19 18:21:57,68.72,69.62,69.08
2024-11-19 18:22:57,68.72,69.62,69.08
2024-11-19 18:23:56,68.72,69.62,69.08
2024-11-19 18:24:56,69.08,69.62,69.08
2024-11-19 18:25:56,69.08,69.62,69.08
2024-11-19 18:26:55,69.08,69.62,69.08
2024-11-19 18:27:55,69.08,69.62,69.08
2024-11-19 18:28:55,69.08,69.62,69.08
2024-11-19 18:29:54,69.08,69.62,69.08
2024-11-19 18:30:54,69.08,69.62,69.08
2024-11-19 18:31:54,69.08,69.62,69.08
2024-11-19 18:32:54,69.08,69.62,69.08
2024-11-19 18:33:53,68.9,69.44,69.08
2024-11-19 18:34:53,68.72,69.44,69.08
2024-11-19 18:35:53,68.72,69.44,69.08
2024-11-19 18:36:52,68.72,69.44,69.08
2024-11-19 18:37:53,68.72,69.44,69.08
2024-11-19 18:38:54,68.72,69.44,69.08
2024-11-19 18:39:53,68.72,69.44,69.08
2024-11-19 18:40:53,68.72,69.44,69.08
2024-11-19 18:41:53,68.72,69.44,69.08
2024-11-19 18:42:52,68.72,69.44,69.08
2024-11-19 18:43:52,68.72,69.44,69.08
2024-11-19 18:44:52,68.72,69.44,69.08
2024-11-19 18:45:51,68.72,69.44,69.08
2024-11-19 18:46:51,68.72,69.44,69.08
2024-11-19 18:47:51,68.72,69.44,69.08
2024-11-19 18:48:50,68.72,69.44,69.08
2024-11-19 18:49:50,68.72,69.44,69.08
2024-11-19 18:50:50,68.72,69.44,69.08
2024-11-19 18:51:50,68.72,69.44,69.08
2024-11-19 18:52:49,68.72,69.44,69.08
2024-11-19 18:53:49,68.72,69.44,69.08
2024-11-19 18:54:49,68.72,69.44,69.08
2024-11-19 18:55:48,68.72,69.44,69.08
2024-11-19 18:56:48,68.72,69.44,69.08
2024-11-19 18:57:48,68.9,69.44,69.08
2024-11-19 18:58:47,68.9,69.44,69.08
2024-11-19 18:59:47,69.08,69.44,69.08
2024-11-19 19:00:47,68.9,69.44,69.08
2024-11-19 19:01:46,68.72,69.44,69.08
2024-11-19 19:02:46,68.72,69.44,69.08
2024-11-19 19:03:46,68.72,69.44,69.08
2024-11-19 19:04:46,68.9,69.44,69.08
2024-11-19 19:05:45,68.9,69.44,69.08
2024-11-19 19:06:45,69.08,69.44,69.08
2024-11-19 19:07:45,69.08,69.44,69.08
2024-11-19 19:08:44,68.9,69.44,69.08
2024-11-19 19:09:44,68.9,69.44,69.08
2024-11-19 19:10:44,68.9,69.44,69.08
2024-11-19 19:11:43,68.72,69.44,69.08
2024-11-19 19:12:43,68.72,69.44,69.08
2024-11-19 19:13:43,68.9,69.44,69.08
2024-11-19 19:14:42,68.9,69.44,69.08
2024-11-19 19:15:42,68.72,69.44,69.08
2024-11-19 19:16:42,68.72,69.44,69.08
2024-11-19 19:17:41,68.72,69.44,68.9
2024-11-19 19:18:41,68.72,69.44,69.08
2024-11-19 19:19:41,68.72,69.44,69.08
2024-11-19 19:20:40,68.54,69.44,69.08
2024-11-19 19:21:40,68.72,69.44,69.08
2024-11-19 19:22:40,68.72,69.44,69.08
2024-11-19 19:23:40,68.54,69.44,69.08
2024-11-19 19:24:39,68.72,69.44,69.08
2024-11-19 19:25:39,68.72,69.44,69.08
2024-11-19 19:26:39,68.72,69.44,68.9
2024-11-19 19:27:38,68.72,69.44,68.9
2024-11-19 19:28:38,68.72,69.44,68.9
2024-11-19 19:29:38,68.72,69.44,69.08
2024-11-19 19:30:37,68.72,69.44,69.08
2024-11-19 19:31:37,68.72,69.44,68.9
2024-11-19 19:32:37,68.72,69.44,69.08
2024-11-19 19:33:36,68.72,69.44,68.9
2024-11-19 19:34:36,68.72,69.44,69.08
2024-11-19 19:35:36,68.72,69.44,69.08
2024-11-19 19:36:35,68.54,69.44,68.9
2024-11-19 19:37:35,68.72,69.44,69.08
2024-11-19 19:38:35,68.72,69.44,68.9
2024-11-19 19:39:34,68.72,69.44,69.08
2024-11-19 19:40:34,68.72,69.44,69.08
2024-11-19 19:41:34,68.54,69.44,68.9
2024-11-19 19:42:34,68.36,69.26,68.9
2024-11-19 19:43:33,68.72,69.26,68.9
2024-11-19 19:44:33,68.72,69.08,68.9
2024-11-19 19:45:33,68.9,69.08,68.9
2024-11-19 19:46:32,68.9,69.08,68.9
2024-11-19 19:47:32,68.72,69.08,68.9
2024-11-19 19:48:32,68.72,68.9,68.72
2024-11-19 19:49:31,68.72,68.9,68.72
2024-11-19 19:50:31,68.72,68.72,68.72
2024-11-19 19:51:31,68.72,68.72,68.72
2024-11-19 19:52:30,68.54,68.54,68.72
2024-11-19 19:53:30,68.72,68.54,68.72
2024-11-19 19:54:30,68.72,68.36,68.72
2024-11-19 19:55:29,68.72,68.36,68.72
2024-11-19 19:56:29,68.72,68.18,68.54
2024-11-19 19:57:29,68.72,68.18,68.54
2024-11-19 19:58:28,68.9,68.0,68.54
2024-11-19 19:59:28,68.9,67.82,68.36
2024-11-19 20:00:28,69.08,67.82,68.36
2024-11-19 20:01:28,69.08,67.64,68.36
2024-11-19 20:02:27,69.08,67.64,68.36
2024-11-19 20:03:27,69.08,67.46,68.36
2024-11-19 20:04:27,69.08,67.28,68.36
2024-11-19 20:05:26,69.08,67.28,68.36
2024-11-19 20:06:26,69.26,67.28,68.18
2024-11-19 20:07:26,69.26,67.1,68.18
2024-11-19 20:08:25,69.26,66.92,68.18
2024-11-19 20:09:25,69.44,66.92,68.18
2024-11-19 20:10:25,69.44,66.92,68.18
2024-11-19 20:11:24,69.44,66.74,68.18
2024-11-19 20:12:24,69.44,66.56,68.18
2024-11-19 20:13:24,69.44,66.56,68.18
2024-11-19 20:14:23,69.44,66.56,68.18
2024-11-19 20:15:23,69.44,66.38,68.18
2024-11-19 20:16:23,69.26,66.38,68.0
2024-11-19 20:17:22,69.26,66.38,68.0
2024-11-19 20:18:22,69.26,66.2,68.0
2024-11-19 20:19:22,69.08,66.2,67.82
2024-11-19 20:20:21,69.08,66.02,67.82
2024-11-19 20:21:21,69.08,66.02,67.82
2024-11-19 20:22:21,69.08,65.84,67.82
2024-11-19 20:23:20,68.9,65.84,67.82
2024-11-19 20:24:20,68.9,65.84,67.82
2024-11-19 20:25:20,68.9,65.84,67.82
2024-11-19 20:26:20,68.9,65.66,67.82
2024-11-19 20:27:19,68.9,65.48,67.82
2024-11-19 20:28:19,68.72,65.66,67.82
2024-11-19 20:29:20,68.72,65.66,67.82
2024-11-19 20:30:19,68.72,65.48,67.82
2024-11-19 20:31:19,68.72,65.66,67.64
2024-11-19 20:32:19,68.72,65.66,67.82
2024-11-19 20:33:18,68.72,65.66,67.82
2024-11-19 20:34:18,68.72,65.84,67.82
2024-11-19 20:35:18,68.72,65.84,67.64
2024-11-19 20:36:17,68.9,66.02,67.64
2024-11-19 20:37:17,68.9,66.02,67.64
2024-11-19 20:38:17,68.9,66.02,67.64
2024-11-19 20:39:16,68.9,66.02,67.64
2024-11-19 20:40:16,68.9,65.84,67.64
2024-11-19 20:41:16,68.9,65.84,67.64
2024-11-19 20:42:16,68.9,65.48,67.46
2024-11-19 20:43:15,68.9,64.76,67.28
2024-11-19 20:44:15,68.9,64.94,67.28
2024-11-19 20:45:15,68.9,64.76,67.1
2024-11-19 20:46:14,68.9,64.58,67.1
2024-11-19 20:47:14,68.9,64.22,66.92
2024-11-19 20:48:14,68.9,64.04,66.92
2024-11-19 20:49:13,68.9,64.22,66.74
2024-11-19 20:50:13,68.72,64.04,66.56
2024-11-19 20:51:13,68.72,63.86,66.56
2024-11-19 20:52:12,68.72,63.68,66.38
2024-11-19 20:53:12,68.72,63.68,66.38
2024-11-19 20:54:12,68.72,63.32,66.2
2024-11-19 20:55:11,68.72,63.32,66.02
2024-11-19 20:56:11,68.72,63.14,65.84
2024-11-19 20:57:11,68.72,62.78,65.84
2024-11-19 20:58:10,68.72,62.78,65.66
2024-11-19 20:59:10,68.72,62.96,65.48
2024-11-19 21:00:10,68.72,62.78,65.48
2024-11-19 21:01:09,68.72,62.96,65.3
2024-11-19 21:02:09,68.72,63.68,65.12
2024-11-19 21:03:09,68.72,63.5,65.12
2024-11-19 21:04:08,68.72,63.32,64.94
2024-11-19 21:05:08,68.72,63.32,64.76
2024-11-19 21:06:08,68.72,63.14,64.76
2024-11-19 21:07:08,68.72,62.96,64.58
2024-11-19 21:08:07,68.72,62.96,64.58
2024-11-19 21:09:07,68.72,62.78,64.4
2024-11-19 21:10:07,68.72,62.6,64.22
2024-11-19 21:11:06,68.72,62.78,64.22
2024-11-19 21:12:06,68.72,62.6,64.22
2024-11-19 21:13:06,68.72,62.42,64.04
2024-11-19 21:14:05,68.72,62.24,64.04
2024-11-19 21:15:05,68.54,62.24,64.04
2024-11-19 21:16:05,68.54,62.24,63.86
2024-11-19 21:17:04,68.54,62.06,63.86
2024-11-19 21:18:04,68.54,61.88,63.68
2024-11-19 21:19:04,68.72,61.88,63.68
2024-11-19 21:20:03,68.72,61.88,63.68
2024-11-19 21:21:03,68.54,61.52,63.68
2024-11-19 21:22:03,68.54,61.52,63.5
2024-11-19 21:23:02,68.72,61.52,63.5
2024-11-19 21:24:02,68.72,61.52,63.5
2024-11-19 21:25:02,68.9,61.52,63.5
2024-11-19 21:26:02,68.9,61.52,63.32
2024-11-19 21:27:01,69.08,61.34,63.32
2024-11-19 21:28:01,69.26,61.52,63.68
2024-11-19 21:29:01,69.44,62.96,63.68
2024-11-19 21:30:00,69.62,62.96,63.86
2024-11-19 21:31:00,69.62,63.32,63.86
2024-11-19 21:32:00,69.8,63.32,64.04
2024-11-19 21:32:59,69.98,63.5,64.04
2024-11-19 21:33:59,69.98,63.68,64.22
2024-11-19 21:34:59,70.16,63.86,64.22
2024-11-19 21:35:58,70.16,64.04,64.22
2024-11-19 21:36:58,70.34,64.04,64.4
2024-11-19 21:37:58,70.34,64.22,64.58
2024-11-19 21:38:57,70.52,64.22,64.58
2024-11-19 21:39:57,70.52,64.4,64.58
2024-11-19 21:40:57,70.52,64.58,64.76
2024-11-19 21:41:57,70.34,64.58,64.76
2024-11-19 21:42:56,70.34,64.94,64.76
2024-11-19 21:43:56,70.16,65.12,64.94
2024-11-19 21:44:57,70.16,65.12,65.12
2024-11-19 21:45:56,70.16,65.12,65.12
2024-11-19 21:46:56,69.98,65.3,65.12
2024-11-19 21:47:56,69.98,65.48,65.12
2024-11-19 21:48:55,69.98,65.48,65.3
2024-11-19 21:49:55,69.98,65.48,65.3
2024-11-19 21:50:55,69.98,65.66,65.48
2024-11-19 21:51:54,69.98,65.66,65.48
2024-11-19 21:52:54,69.98,65.84,65.48
2024-11-19 21:53:54,69.98,65.84,65.66
2024-11-19 21:54:53,69.98,65.84,65.66
2024-11-19 21:55:53,69.98,66.02,65.84
2024-11-19 21:56:53,69.98,66.02,65.84
2024-11-19 21:57:52,69.98,66.02,65.84
2024-11-19 21:58:52,69.98,66.2,65.84
2024-11-19 21:59:52,69.98,66.38,65.84
2024-11-19 22:00:52,69.98,66.38,66.02
2024-11-19 22:01:51,70.16,66.38,66.02
2024-11-19 22:02:51,69.98,66.38,66.02
2024-11-19 22:03:51,70.16,66.56,66.02
2024-11-19 22:04:50,70.16,66.56,66.2
2024-11-19 22:05:50,70.16,66.56,66.2
2024-11-19 22:06:50,70.16,66.56,66.38
2024-11-19 22:07:49,70.16,66.74,66.38
2024-11-19 22:08:49,70.16,66.74,66.38
2024-11-19 22:09:49,70.16,67.1,66.38
2024-11-19 22:10:48,70.16,67.1,66.38
2024-11-19 22:11:48,70.16,67.1,66.56
2024-11-19 22:12:48,70.16,67.28,66.56
2024-11-19 22:13:47,70.16,67.28,66.56
2024-11-19 22:14:47,70.16,67.28,66.56
2024-11-19 22:15:47,70.16,67.28,66.56
2024-11-19 22:16:46,70.16,67.46,66.56
2024-11-19 22:17:46,70.16,67.46,66.74
2024-11-19 22:18:46,70.34,67.64,66.74
2024-11-19 22:19:45,70.16,67.64,66.92
2024-11-19 22:20:45,70.16,67.64,66.92
2024-11-19 22:21:45,70.16,67.64,66.92
2024-11-19 22:22:44,70.16,67.64,66.92
2024-11-19 22:23:44,70.34,67.82,66.92
2024-11-19 22:24:44,70.16,67.82,66.92
2024-11-19 22:25:43,70.16,67.82,67.1
2024-11-19 22:26:43,70.16,68.0,67.1
2024-11-19 22:27:43,70.34,68.18,67.1
2024-11-19 22:28:43,70.34,68.18,67.28
2024-11-19 22:29:42,70.16,68.18,67.28
2024-11-19 22:30:42,70.34,68.18,67.28
2024-11-19 22:31:42,70.52,68.18,67.28
2024-11-19 22:32:41,70.34,68.36,67.28
2024-11-19 22:33:41,70.34,68.36,67.28
2024-11-19 22:34:41,70.52,68.36,67.46
2024-11-19 22:35:40,70.52,68.36,67.46
2024-11-19 22:36:40,70.34,68.36,67.46
2024-11-19 22:37:41,70.34,68.36,67.46
2024-11-19 22:38:40,70.34,68.36,67.64
2024-11-19 22:39:40,70.52,68.54,67.64
2024-11-19 22:40:40,70.52,68.72,67.64
2024-11-19 22:41:40,70.52,68.72,67.64
2024-11-19 22:42:39,70.52,68.72,67.64
2024-11-19 22:43:39,70.52,69.08,67.64
2024-11-19 22:44:39,70.52,69.08,67.64
2024-11-19 22:45:38,70.52,69.08,67.82
2024-11-19 22:46:38,70.52,69.08,67.82
2024-11-19 22:47:38,70.52,69.08,67.82
2024-11-19 22:48:37,70.7,69.08,67.82
2024-11-19 22:49:37,70.88,69.26,67.82
2024-11-19 22:50:37,70.88,69.26,67.82
2024-11-19 22:51:36,70.88,69.26,68.0
2024-11-19 22:52:36,70.88,69.26,68.0
2024-11-19 22:53:36,71.06,69.44,68.0
2024-11-19 22:54:35,71.06,69.44,68.0
2024-11-19 22:55:35,71.24,69.44,68.18
2024-11-19 22:56:35,71.24,69.44,68.18
2024-11-19 22:57:34,71.42,69.62,68.18
2024-11-19 22:58:34,71.42,69.62,68.18
2024-11-19 22:59:34,71.42,69.62,68.36
2024-11-19 23:00:33,71.42,69.62,68.36
2024-11-19 23:01:33,71.42,69.62,68.36
2024-11-19 23:02:33,71.42,69.8,68.36
2024-11-19 23:03:32,71.42,69.8,68.36
2024-11-19 23:04:32,71.42,69.8,68.54
2024-11-19 23:05:32,71.24,69.8,68.54
2024-11-19 23:06:32,71.24,69.8,68.54
2024-11-19 23:07:31,71.24,69.98,68.72
2024-11-19 23:08:31,71.06,69.98,68.72
2024-11-19 23:09:31,70.88,69.98,68.72
2024-11-19 23:10:30,70.88,69.98,68.72
2024-11-19 23:11:30,70.7,69.98,68.72
2024-11-19 23:12:30,70.7,69.98,68.72
2024-11-19 23:13:29,70.52,69.98,68.72
2024-11-19 23:14:29,70.16,69.98,68.72
2024-11-19 23:15:29,70.16,69.98,68.72
2024-11-19 23:16:28,69.98,69.98,68.72
2024-11-19 23:17:28,69.8,69.98,68.72
2024-11-19 23:18:28,69.62,69.98,68.72
2024-11-19 23:19:27,69.62,69.98,68.72
2024-11-19 23:20:27,69.44,69.98,68.72
2024-11-19 23:21:27,69.44,69.98,68.72
2024-11-19 23:22:26,69.44,69.98,68.72
2024-11-19 23:23:26,69.44,69.98,68.72
2024-11-19 23:24:26,69.26,69.98,68.72
2024-11-19 23:25:26,69.08,69.98,68.72
2024-11-19 23:26:25,68.9,69.98,68.72
2024-11-19 23:27:25,68.72,69.98,68.72
2024-11-19 23:28:25,68.72,69.98,68.72
2024-11-19 23:29:24,68.36,69.98,68.72
2024-11-19 23:30:24,68.36,69.98,68.9
2024-11-19 23:31:24,68.36,69.98,68.72
2024-11-19 23:32:23,68.36,69.98,68.9
2024-11-19 23:33:23,68.36,69.98,68.9
2024-11-19 23:34:23,68.54,69.98,68.9
2024-11-19 23:35:22,68.36,69.98,68.9
2024-11-19 23:36:22,68.36,69.98,68.9
2024-11-19 23:37:22,68.36,69.98,68.9
2024-11-19 23:38:21,68.36,69.98,68.9
2024-11-19 23:39:21,68.36,69.98,68.9
2024-11-19 23:40:21,68.36,69.98,68.9
2024-11-19 23:41:20,68.36,69.98,68.9
2024-11-19 23:42:20,68.54,69.98,68.9
2024-11-19 23:43:20,68.72,69.98,68.9
2024-11-19 23:44:19,68.9,69.98,68.9
2024-11-19 23:45:19,69.08,69.98,68.9
2024-11-19 23:46:19,69.08,69.98,68.9
2024-11-19 23:47:18,69.26,69.98,68.9
2024-11-19 23:48:18,69.44,69.98,68.9
2024-11-19 23:49:18,69.62,69.98,68.9
2024-11-19 23:50:17,69.62,69.98,68.9
2024-11-19 23:51:17,69.98,70.16,68.9
2024-11-19 23:52:17,69.98,69.98,68.9
2024-11-19 23:53:16,69.98,69.98,68.9
2024-11-19 23:54:16,70.16,70.16,68.9
2024-11-19 23:55:16,70.16,70.16,69.08
2024-11-19 23:56:16,70.34,70.16,69.08
2024-11-19 23:57:15,70.52,70.16,69.08
2024-11-19 23:58:15,70.7,70.16,69.08
2024-11-19 23:59:15,70.88,70.16,69.08
2024-11-20 00:00:14,70.88,70.16,69.08
2024-11-20 00:01:14,71.06,70.16,69.08
2024-11-20 00:02:14,71.06,70.16,69.08
2024-11-20 00:03:13,71.24,70.16,69.08
2024-11-20 00:04:13,71.42,70.16,69.08
2024-11-20 00:05:13,71.42,70.16,69.08
2024-11-20 00:06:12,71.42,70.34,69.08
2024-11-20 00:07:12,71.42,70.34,69.08
2024-11-20 00:08:12,71.42,70.34,69.08
2024-11-20 00:09:11,71.6,70.34,69.26
2024-11-20 00:10:11,71.6,70.34,69.26
2024-11-20 00:11:11,71.42,70.34,69.26
2024-11-20 00:12:10,71.78,70.52,69.26
2024-11-20 00:13:10,71.78,70.52,69.26
2024-11-20 00:14:10,71.78,70.52,69.44
2024-11-20 00:15:09,71.78,70.52,69.44
2024-11-20 00:16:09,71.78,70.52,69.44
2024-11-20 00:17:09,71.78,70.52,69.44
2024-11-20 00:18:08,71.78,70.52,69.44
2024-11-20 00:19:08,71.78,70.52,69.44
2024-11-20 00:20:08,71.78,70.52,69.44
2024-11-20 00:21:08,71.78,70.7,69.44
2024-11-20 00:22:07,71.96,70.7,69.44
2024-11-20 00:23:07,71.96,70.7,69.62
2024-11-20 00:24:07,71.78,70.88,69.62
2024-11-20 00:25:06,71.96,70.88,69.62
2024-11-20 00:26:06,71.96,70.88,69.62
2024-11-20 00:27:06,71.96,70.88,69.62
2024-11-20 00:28:05,71.78,70.88,69.62
2024-11-20 00:29:05,71.6,70.88,69.62
2024-11-20 00:30:05,71.24,70.88,69.62
2024-11-20 00:31:04,70.88,70.88,69.62
2024-11-20 00:32:04,70.16,70.88,69.62
2024-11-20 00:33:04,69.62,70.88,69.62
2024-11-20 00:34:03,69.08,70.88,69.62
2024-11-20 00:35:03,68.72,70.88,69.62
2024-11-20 00:36:03,68.36,70.88,69.62
2024-11-20 00:37:02,68.36,70.88,69.62
2024-11-20 00:38:02,68.36,70.88,69.62
2024-11-20 00:39:02,68.36,70.88,69.62
2024-11-20 00:40:02,68.54,70.88,69.62
2024-11-20 00:41:01,68.72,70.88,69.62
2024-11-20 00:42:01,68.72,70.88,69.62
2024-11-20 00:43:01,68.72,70.88,69.62
2024-11-20 00:44:00,68.9,70.88,69.62
2024-11-20 00:45:00,68.9,70.88,69.62
2024-11-20 00:46:00,68.9,70.88,69.62
2024-11-20 00:46:59,68.9,70.88,69.62
2024-11-20 00:47:59,69.08,70.7,69.62
2024-11-20 00:48:59,69.08,70.7,69.62
2024-11-20 00:49:58,69.08,70.7,69.62
2024-11-20 00:50:58,69.26,70.7,69.62
2024-11-20 00:51:58,69.44,70.7,69.62
2024-11-20 00:52:57,69.62,70.7,69.62
2024-11-20 00:53:57,69.98,70.7,69.62
2024-11-20 00:54:57,70.16,70.7,69.62
2024-11-20 00:55:56,70.34,70.7,69.62
2024-11-20 00:56:56,70.52,70.7,69.62
2024-11-20 00:57:56,70.7,70.7,69.62
2024-11-20 00:58:56,70.88,70.7,69.62
2024-11-20 00:59:55,70.88,70.7,69.62
2024-11-20 01:00:55,71.24,70.7,69.8
2024-11-20 01:01:55,71.24,70.88,69.8
2024-11-20 01:02:54,71.42,70.88,69.8
2024-11-20 01:03:54,71.6,70.88,69.8
2024-11-20 01:04:54,71.78,70.88,69.8
2024-11-20 01:05:53,71.78,70.88,69.8
2024-11-20 01:06:53,71.78,70.88,69.8
2024-11-20 01:07:53,71.78,70.88,69.8
2024-11-20 01:08:52,71.78,70.88,69.98
2024-11-20 01:09:52,71.96,70.88,69.98
2024-11-20 01:10:52,71.96,70.88,69.98
2024-11-20 01:11:51,72.14,71.06,69.98
2024-11-20 01:12:51,71.96,71.06,69.98
2024-11-20 01:13:51,72.14,71.06,69.98
2024-11-20 01:14:50,72.14,71.06,69.98
2024-11-20 01:15:50,72.14,71.24,69.98
2024-11-20 01:16:50,72.32,71.24,69.98
2024-11-20 01:17:49,72.32,71.24,70.16
2024-11-20 01:18:49,72.32,71.24,70.16
2024-11-20 01:19:49,72.32,71.24,70.16
2024-11-20 01:20:48,71.96,71.24,70.16
2024-11-20 01:21:48,71.78,71.24,70.16
2024-11-20 01:22:48,71.42,71.24,70.16
2024-11-20 01:23:48,71.06,71.24,70.16
2024-11-20 01:24:47,70.52,71.24,70.16
2024-11-20 01:25:47,70.16,71.24,70.16
2024-11-20 01:26:47,69.8,71.24,70.16
2024-11-20 01:27:46,69.44,71.24,70.16
2024-11-20 01:28:46,69.08,71.24,70.16
2024-11-20 01:29:46,69.26,71.24,70.16
2024-11-20 01:30:45,69.26,71.24,70.16
2024-11-20 01:31:45,69.26,71.24,70.16
2024-11-20 01:32:45,69.26,71.06,70.16
2024-11-20 01:33:44,69.08,71.06,70.16
2024-11-20 01:34:44,69.08,71.06,70.16
2024-11-20 01:35:44,69.26,71.06,70.16
2024-11-20 01:36:43,69.44,71.06,70.16
2024-11-20 01:37:43,69.26,71.06,70.16
2024-11-20 01:38:43,69.08,70.88,70.16
2024-11-20 01:39:42,68.72,70.88,69.98
2024-11-20 01:40:42,68.9,70.88,69.98
2024-11-20 01:41:42,68.72,71.06,69.98
2024-11-20 01:42:41,68.36,71.06,69.98
2024-11-20 01:43:41,68.36,70.88,69.98
2024-11-20 01:44:41,68.36,70.88,69.98
2024-11-20 01:45:40,68.18,70.88,69.98
2024-11-20 01:46:40,68.18,70.88,69.98
2024-11-20 01:47:40,68.18,70.88,69.98
2024-11-20 01:48:39,68.18,70.88,69.98
2024-11-20 01:49:39,68.36,70.88,69.98
2024-11-20 01:50:39,68.18,70.88,69.98
2024-11-20 01:51:38,68.18,70.7,69.98
2024-11-20 01:52:38,67.82,70.7,69.98
2024-11-20 01:53:38,67.82,70.7,69.98
2024-11-20 01:54:38,67.82,70.7,69.98
2024-11-20 01:55:37,67.82,70.52,69.98
2024-11-20 01:56:37,67.82,70.52,69.98
2024-11-20 01:57:37,67.82,70.52,69.98
2024-11-20 01:58:36,67.82,70.52,69.8
2024-11-20 01:59:36,67.82,70.52,69.8
2024-11-20 02:00:36,68.18,70.52,69.8
2024-11-20 02:01:35,68.36,70.52,69.8
2024-11-20 02:02:35,68.72,70.52,69.8
2024-11-20 02:03:35,68.72,70.52,69.8
2024-11-20 02:04:34,68.9,70.52,69.8
2024-11-20 02:05:34,69.08,70.52,69.8
2024-11-20 02:06:34,69.44,70.52,69.8
2024-11-20 02:07:34,69.44,70.52,69.8
2024-11-20 02:08:33,69.62,70.52,69.8
2024-11-20 02:09:33,69.98,70.52,69.8
2024-11-20 02:10:33,69.98,70.52,69.8
2024-11-20 02:11:32,70.16,70.52,69.8
2024-11-20 02:12:32,70.34,70.52,69.8
2024-11-20 02:13:32,70.7,70.52,69.8
2024-11-20 02:14:31,70.7,70.52,69.8
2024-11-20 02:15:31,70.88,70.52,69.8
2024-11-20 02:16:31,70.88,70.52,69.8
2024-11-20 02:17:30,71.06,70.52,69.8
2024-11-20 02:18:30,71.24,70.52,69.8
2024-11-20 02:19:30,71.24,70.52,69.98
2024-11-20 02:20:29,71.42,70.52,69.98
2024-11-20 02:21:29,71.24,70.7,69.98
2024-11-20 02:22:29,71.42,70.7,69.98
2024-11-20 02:23:28,71.42,70.7,69.98
2024-11-20 02:24:28,71.42,70.7,69.98
2024-11-20 02:25:28,71.42,70.7,69.98
2024-11-20 02:26:27,71.42,70.88,69.98
2024-11-20 02:27:27,71.42,70.88,69.98
2024-11-20 02:28:27,71.42,70.88,69.98
2024-11-20 02:29:26,71.24,70.88,69.98
2024-11-20 02:30:26,71.24,70.88,69.98
2024-11-20 02:31:26,70.88,70.88,69.98
2024-11-20 02:32:25,70.52,70.88,69.98
2024-11-20 02:33:25,70.34,70.88,69.98
2024-11-20 02:34:25,70.16,70.88,69.98
2024-11-20 02:35:24,69.98,70.88,69.98
2024-11-20 02:36:24,69.8,70.88,69.98
2024-11-20 02:37:24,69.62,70.7,69.98
2024-11-20 02:38:24,69.62,70.7,69.98
2024-11-20 02:39:23,69.62,70.7,69.98
2024-11-20 02:40:23,69.62,70.7,69.98
2024-11-20 02:41:23,69.62,70.7,69.98
2024-11-20 02:42:22,69.62,70.7,69.98
2024-11-20 02:43:22,69.62,70.7,69.98
2024-11-20 02:44:22,69.62,70.7,69.98
2024-11-20 02:45:21,69.44,70.52,69.98
2024-11-20 02:46:21,69.44,70.52,69.98
2024-11-20 02:47:21,69.44,70.52,69.98
2024-11-20 02:48:20,69.08,70.52,69.98
2024-11-20 02:49:20,68.9,70.52,69.98
2024-11-20 02:50:20,68.54,70.52,69.98
2024-11-20 02:51:19,68.54,70.52,69.98
2024-11-20 02:52:19,68.54,70.52,69.98
2024-11-20 02:53:19,68.36,70.52,69.98
2024-11-20 02:54:18,68.36,70.52,69.98
2024-11-20 02:55:18,68.36,70.52,69.98
2024-11-20 02:56:18,68.36,70.52,69.98
2024-11-20 02:57:17,68.36,70.52,69.8
2024-11-20 02:58:17,68.36,70.52,69.8
2024-11-20 02:59:17,68.36,70.52,69.8
2024-11-20 03:00:16,68.72,70.52,69.8
2024-11-20 03:01:16,68.9,70.34,69.8
2024-11-20 03:02:16,68.9,70.34,69.8
2024-11-20 03:03:16,69.08,70.34,69.8
2024-11-20 03:04:15,69.26,70.34,69.8
2024-11-20 03:05:15,69.44,70.34,69.8
2024-11-20 03:06:15,69.44,70.34,69.8
2024-11-20 03:07:14,69.62,70.34,69.8
2024-11-20 03:08:14,69.8,70.34,69.8
2024-11-20 03:09:14,69.98,70.34,69.8
2024-11-20 03:10:13,70.16,70.34,69.8
2024-11-20 03:11:13,70.16,70.34,69.8
2024-11-20 03:12:13,70.52,70.34,69.8
2024-11-20 03:13:12,70.52,70.34,69.8
2024-11-20 03:14:12,70.52,70.34,69.8
2024-11-20 03:15:12,70.7,70.34,69.8
2024-11-20 03:16:11,70.7,70.34,69.8
2024-11-20 03:17:11,70.88,70.52,69.8
2024-11-20 03:18:11,71.24,70.52,69.8
2024-11-20 03:19:10,71.24,70.52,69.98
2024-11-20 03:20:10,71.24,70.52,69.98
2024-11-20 03:21:10,71.24,70.52,69.98
2024-11-20 03:22:10,71.42,70.52,69.98
2024-11-20 03:23:09,71.42,70.52,69.98
2024-11-20 03:24:09,71.42,70.52,69.98
2024-11-20 03:25:09,71.6,70.52,69.98
2024-11-20 03:26:08,71.6,70.52,69.98
2024-11-20 03:27:08,71.6,70.7,69.98
2024-11-20 03:28:08,71.6,70.7,69.98
2024-11-20 03:29:07,71.6,70.7,69.98
2024-11-20 03:30:07,71.78,70.88,69.98
2024-11-20 03:31:07,71.78,70.88,69.98
2024-11-20 03:32:06,71.6,70.88,69.98
2024-11-20 03:33:06,71.42,70.88,69.98
2024-11-20 03:34:06,71.42,70.88,70.16
2024-11-20 03:35:05,71.24,70.88,70.16
2024-11-20 03:36:05,71.24,70.88,70.16
2024-11-20 03:37:05,71.06,70.88,70.16
2024-11-20 03:38:04,71.06,70.88,70.16
2024-11-20 03:39:04,70.88,70.88,70.16
2024-11-20 03:40:04,70.88,70.88,70.16
2024-11-20 03:41:04,70.88,70.88,70.16
2024-11-20 03:42:03,70.88,70.88,70.16
2024-11-20 03:43:03,70.7,70.88,70.16
2024-11-20 03:44:03,70.7,70.88,70.16
2024-11-20 03:45:02,70.52,70.88,70.16
2024-11-20 03:46:02,70.52,70.88,70.16
2024-11-20 03:47:02,70.34,70.88,70.16
2024-11-20 03:48:01,70.16,70.88,70.16
2024-11-20 03:49:01,70.16,70.88,70.16
2024-11-20 03:50:01,70.16,70.88,70.16
2024-11-20 03:51:00,69.98,70.88,70.16
2024-11-20 03:52:00,69.98,70.88,70.16
2024-11-20 03:53:00,69.98,70.88,70.16
2024-11-20 03:53:59,69.8,70.88,70.16
2024-11-20 03:54:59,69.8,70.88,70.16
2024-11-20 03:55:59,69.8,70.88,70.16
2024-11-20 03:56:58,69.62,70.7,70.16
2024-11-20 03:57:58,69.62,70.7,70.16
2024-11-20 03:58:58,69.44,70.7,69.98
2024-11-20 03:59:58,69.44,70.7,69.98
2024-11-20 04:00:57,69.62,70.7,69.98
2024-11-20 04:01:57,69.62,70.7,69.98
2024-11-20 04:02:57,69.62,70.7,69.98
2024-11-20 04:03:56,69.8,70.7,69.98
2024-11-20 04:04:56,69.98,70.7,69.98
2024-11-20 04:05:56,69.98,70.7,69.98
2024-11-20 04:06:55,69.98,70.7,69.98
2024-11-20 04:07:55,70.16,70.7,69.98
2024-11-20 04:08:55,70.34,70.7,69.98
2024-11-20 04:09:54,70.52,70.7,69.98
2024-11-20 04:10:54,70.52,70.7,69.98
2024-11-20 04:11:54,70.7,70.7,69.98
2024-11-20 04:12:53,70.88,70.7,69.98
2024-11-20 04:13:53,71.06,70.7,69.98
2024-11-20 04:14:53,71.06,70.7,69.98
2024-11-20 04:15:53,71.24,70.7,69.98
2024-11-20 04:16:53,71.42,70.88,69.98
2024-11-20 04:17:53,71.6,70.7,70.16
2024-11-20 04:18:52,71.78,70.88,70.16
2024-11-20 04:19:52,71.78,70.88,70.16
2024-11-20 04:20:52,71.96,70.88,70.16
2024-11-20 04:21:52,71.96,70.88,70.16
2024-11-20 04:22:51,71.96,70.88,70.16
2024-11-20 04:23:51,71.96,70.88,70.16
2024-11-20 04:24:51,71.96,70.88,70.16
2024-11-20 04:25:50,71.96,70.88,70.16
2024-11-20 04:26:50,71.96,71.06,70.16
2024-11-20 04:27:50,71.96,71.06,70.16
2024-11-20 04:28:49,71.96,71.06,70.16
2024-11-20 04:29:49,71.96,71.06,70.16
2024-11-20 04:30:49,71.96,71.06,70.16
2024-11-20 04:31:48,71.96,71.06,70.16
2024-11-20 04:32:48,71.96,71.06,70.16
2024-11-20 04:33:48,71.78,71.06,70.16
2024-11-20 04:34:47,71.42,71.06,70.16
2024-11-20 04:35:47,71.42,71.06,70.16
2024-11-20 04:36:47,71.06,71.06,70.34
2024-11-20 04:37:46,70.88,71.06,70.16
2024-11-20 04:38:46,70.88,71.24,70.34
2024-11-20 04:39:46,70.52,71.06,70.16
2024-11-20 04:40:46,70.34,71.06,70.34
2024-11-20 04:41:45,70.34,71.06,70.16
2024-11-20 04:42:45,70.16,71.06,70.16
2024-11-20 04:43:45,69.98,71.06,70.16
2024-11-20 04:44:44,69.8,71.06,70.16
2024-11-20 04:45:44,69.62,71.06,70.16
2024-11-20 04:46:44,69.62,71.06,70.16
2024-11-20 04:47:43,69.62,71.06,70.16
2024-11-20 04:48:43,69.62,70.88,70.16
2024-11-20 04:49:43,69.44,70.88,70.16
2024-11-20 04:50:42,69.44,70.88,70.16
2024-11-20 04:51:42,69.44,70.88,70.16
2024-11-20 04:52:42,69.62,70.88,70.16
2024-11-20 04:53:41,69.8,70.88,70.16
2024-11-20 04:54:41,69.98,70.88,70.16
2024-11-20 04:55:41,69.98,70.88,70.16
2024-11-20 04:56:40,70.34,70.88,70.16
2024-11-20 04:57:40,70.52,70.88,70.16
2024-11-20 04:58:40,70.88,70.88,70.16
2024-11-20 04:59:39,71.06,70.88,70.16
2024-11-20 05:00:39,71.24,70.88,70.16
2024-11-20 05:01:39,71.24,70.88,70.16
2024-11-20 05:02:38,71.24,70.88,70.16
2024-11-20 05:03:38,71.42,70.88,70.16
2024-11-20 05:04:38,71.42,70.88,70.16
2024-11-20 05:05:38,71.6,70.88,70.16
2024-11-20 05:06:37,71.78,71.06,70.16
2024-11-20 05:07:37,71.96,71.06,70.16
2024-11-20 05:08:37,71.96,71.06,70.16
2024-11-20 05:09:36,71.96,71.06,70.34
2024-11-20 05:10:36,71.96,71.06,70.34
2024-11-20 05:11:36,72.14,71.06,70.34
2024-11-20 05:12:35,72.32,71.24,70.34
2024-11-20 05:13:35,72.32,71.24,70.34
2024-11-20 05:14:35,72.32,71.24,70.34
2024-11-20 05:15:34,72.32,71.24,70.34
2024-11-20 05:16:34,72.68,71.24,70.34
2024-11-20 05:17:34,72.5,71.24,70.34
2024-11-20 05:18:33,72.68,71.24,70.34
2024-11-20 05:19:33,72.68,71.24,70.52
2024-11-20 05:20:33,72.68,71.24,70.52
2024-11-20 05:21:32,72.68,71.24,70.52
2024-11-20 05:22:32,72.68,71.42,70.52
2024-11-20 05:23:32,72.86,71.42,70.52
2024-11-20 05:24:31,72.68,71.42,70.52
2024-11-20 05:25:31,72.86,71.42,70.52
2024-11-20 05:26:31,72.86,71.42,70.52
2024-11-20 05:27:30,72.86,71.42,70.52
2024-11-20 05:28:30,72.86,71.42,70.52
2024-11-20 05:29:30,72.68,71.42,70.7
2024-11-20 05:30:29,72.68,71.42,70.7
2024-11-20 05:31:29,72.14,71.42,70.7
2024-11-20 05:32:29,71.42,71.42,70.7
2024-11-20 05:33:28,70.88,71.42,70.7
2024-11-20 05:34:28,70.52,71.42,70.7
2024-11-20 05:35:28,70.16,71.42,70.7
2024-11-20 05:36:28,69.8,71.42,70.52
2024-11-20 05:37:27,69.44,71.42,70.7
2024-11-20 05:38:27,69.08,71.42,70.52
2024-11-20 05:39:27,68.9,71.42,70.7
2024-11-20 05:40:26,68.9,71.42,70.52
2024-11-20 05:41:26,68.72,71.42,70.52
2024-11-20 05:42:26,68.72,71.42,70.52
2024-11-20 05:43:25,68.72,71.42,70.52
2024-11-20 05:44:25,68.72,71.24,70.52
2024-11-20 05:45:25,68.72,71.24,70.52
2024-11-20 05:46:24,68.72,71.24,70.52
2024-11-20 05:47:24,68.72,71.24,70.52
2024-11-20 05:48:24,68.72,71.24,70.52
2024-11-20 05:49:23,68.72,71.24,70.52
2024-11-20 05:50:23,68.54,71.24,70.52
2024-11-20 05:51:23,68.54,71.06,70.34
2024-11-20 05:52:22,68.54,71.06,70.34
2024-11-20 05:53:22,68.54,71.06,70.34
2024-11-20 05:54:22,68.72,71.06,70.34
2024-11-20 05:55:21,68.9,71.06,70.34
2024-11-20 05:56:21,69.08,70.88,70.16
2024-11-20 05:57:21,69.44,70.88,70.16
2024-11-20 05:58:20,69.8,70.88,70.16
2024-11-20 05:59:20,69.98,70.88,70.16
2024-11-20 06:00:20,70.34,70.88,70.16
2024-11-20 06:01:20,70.52,70.88,70.16
2024-11-20 06:02:19,70.52,70.88,70.16
2024-11-20 06:03:19,70.88,70.88,70.16
2024-11-20 06:04:19,70.88,70.88,70.16
2024-11-20 06:05:18,70.88,70.88,70.16
2024-11-20 06:06:18,71.06,70.88,70.16
2024-11-20 06:07:18,71.24,71.06,70.16
2024-11-20 06:08:17,71.24,71.06,70.34
2024-11-20 06:09:17,71.42,71.06,70.34
2024-11-20 06:10:17,71.42,71.06,70.34
2024-11-20 06:11:16,71.6,71.06,70.34
2024-11-20 06:12:16,71.78,71.06,70.34
2024-11-20 06:13:16,71.78,71.06,70.34
2024-11-20 06:14:15,71.78,71.24,70.34
2024-11-20 06:15:15,71.96,71.24,70.34
2024-11-20 06:16:15,71.96,71.24,70.34
2024-11-20 06:17:14,71.96,71.24,70.34
2024-11-20 06:18:14,71.96,71.24,70.34
2024-11-20 06:19:14,72.14,71.24,70.34
2024-11-20 06:20:13,72.14,71.24,70.34
2024-11-20 06:21:13,72.14,71.42,70.52
2024-11-20 06:22:13,72.14,71.42,70.52
2024-11-20 06:23:12,72.32,71.24,70.52
2024-11-20 06:24:12,72.32,71.24,70.52
2024-11-20 06:25:12,72.14,71.24,70.52
2024-11-20 06:26:12,72.14,71.24,70.52
2024-11-20 06:27:11,72.32,71.42,70.52
2024-11-20 06:28:11,72.32,71.42,70.52
2024-11-20 06:29:11,72.32,71.42,70.52
2024-11-20 06:30:10,72.32,71.42,70.52
2024-11-20 06:31:10,72.32,71.42,70.52
2024-11-20 06:32:10,72.32,71.42,70.52
2024-11-20 06:33:09,72.32,71.42,70.52
2024-11-20 06:34:09,72.32,71.42,70.52
2024-11-20 06:35:09,72.32,71.42,70.52
2024-11-20 06:36:08,72.32,71.42,70.52
2024-11-20 06:37:08,72.32,71.42,70.52
2024-11-20 06:38:08,72.32,71.42,70.7
2024-11-20 06:39:07,72.32,71.6,70.7
2024-11-20 06:40:07,72.5,71.6,70.7
2024-11-20 06:41:07,72.5,71.6,70.7
2024-11-20 06:42:06,72.5,71.6,70.7
2024-11-20 06:43:06,72.68,71.6,70.7
2024-11-20 06:44:06,72.86,71.6,70.7
2024-11-20 06:45:05,72.86,71.6,70.88
2024-11-20 06:46:06,73.04,71.6,70.88
2024-11-20 06:47:06,72.86,71.78,70.88
2024-11-20 06:48:06,72.86,71.78,70.88
2024-11-20 06:49:05,73.04,71.78,70.88
2024-11-20 06:50:05,73.04,71.78,70.88
2024-11-20 06:51:05,73.04,71.78,70.88
2024-11-20 06:52:04,73.04,71.78,70.88
2024-11-20 06:53:04,73.04,71.78,70.88
2024-11-20 06:54:04,73.04,71.78,70.88
2024-11-20 06:55:03,73.04,71.78,70.88
2024-11-20 06:56:03,73.04,71.78,70.88
2024-11-20 06:57:04,73.04,71.78,70.88
2024-11-20 06:58:04,73.04,71.78,70.88
2024-11-20 06:59:04,73.04,71.78,70.88
2024-11-20 07:00:04,73.04,71.96,70.88
2024-11-20 07:01:03,73.22,71.96,71.06
2024-11-20 07:02:03,73.22,71.96,71.06
2024-11-20 07:03:03,73.22,71.96,71.06
2024-11-20 07:04:02,73.22,71.96,71.06
2024-11-20 07:05:02,73.22,71.96,71.06
2024-11-20 07:06:02,73.04,71.96,71.06
2024-11-20 07:07:02,73.22,71.96,71.06
2024-11-20 07:08:01,73.04,71.96,71.06
2024-11-20 07:09:01,73.04,71.96,71.24
2024-11-20 07:10:01,73.22,71.96,71.06
2024-11-20 07:11:00,73.22,71.96,71.24
2024-11-20 07:12:00,73.22,71.96,71.24
2024-11-20 07:13:00,73.22,71.96,71.24
2024-11-20 07:13:59,73.22,72.14,71.24
2024-11-20 07:14:59,73.22,72.14,71.24
2024-11-20 07:15:59,73.4,72.32,71.24
2024-11-20 07:16:58,73.4,72.14,71.24
2024-11-20 07:17:58,73.58,72.14,71.24
2024-11-20 07:18:58,73.4,72.14,71.24
2024-11-20 07:19:57,73.22,72.32,71.24
2024-11-20 07:20:57,73.22,72.32,71.24
2024-11-20 07:21:57,73.22,72.32,71.24
2024-11-20 07:22:56,73.22,72.32,71.24
2024-11-20 07:23:56,73.22,72.32,71.24
2024-11-20 07:24:56,73.4,72.32,71.24
2024-11-20 07:25:56,73.22,72.32,71.24
2024-11-20 07:26:55,73.22,72.32,71.42
2024-11-20 07:27:55,73.22,72.32,71.42
2024-11-20 07:28:55,73.22,72.32,71.42
2024-11-20 07:29:54,73.22,72.32,71.42
2024-11-20 07:30:54,73.22,72.32,71.42
2024-11-20 07:31:54,73.4,72.32,71.42
2024-11-20 07:32:53,73.22,72.32,71.42
2024-11-20 07:33:53,73.4,72.32,71.42
2024-11-20 07:34:53,73.58,72.32,71.42
2024-11-20 07:35:52,73.4,72.5,71.42
2024-11-20 07:36:52,73.4,72.5,71.42
2024-11-20 07:37:52,73.4,72.5,71.42
2024-11-20 07:38:51,73.4,72.5,71.42
2024-11-20 07:39:51,73.4,72.5,71.42
2024-11-20 07:40:51,73.22,72.5,71.42
2024-11-20 07:41:50,73.4,72.5,71.42
2024-11-20 07:42:50,73.4,72.68,71.42
2024-11-20 07:43:50,73.58,72.5,71.6
2024-11-20 07:44:49,73.58,72.68,71.6
2024-11-20 07:45:49,73.58,72.68,71.6
2024-11-20 07:46:49,73.58,72.68,71.6
2024-11-20 07:47:48,73.58,72.68,71.6
2024-11-20 07:48:48,73.4,72.68,71.6
2024-11-20 07:49:48,73.58,72.68,71.6
2024-11-20 07:50:47,73.58,72.68,71.6
2024-11-20 07:51:47,73.58,72.68,71.6
2024-11-20 07:52:47,73.58,72.68,71.6
2024-11-20 07:53:47,73.58,72.68,71.6
2024-11-20 07:54:46,73.58,72.68,71.78
2024-11-20 07:55:46,73.58,72.68,71.78
2024-11-20 07:56:46,73.58,72.68,71.78
2024-11-20 07:57:45,73.58,72.68,71.78
2024-11-20 07:58:45,73.58,72.68,71.78
2024-11-20 07:59:45,73.58,72.68,71.78
2024-11-20 08:00:44,73.76,72.68,71.78
2024-11-20 08:01:44,73.76,72.68,71.78
2024-11-20 08:02:44,73.58,72.68,71.78
2024-11-20 08:03:43,73.58,72.86,71.78
2024-11-20 08:04:43,73.58,72.86,71.78
2024-11-20 08:05:43,73.58,72.86,71.78
2024-11-20 08:06:42,73.58,72.86,71.78
2024-11-20 08:07:42,73.58,72.86,71.78
2024-11-20 08:08:42,73.58,72.86,71.78
2024-11-20 08:09:41,73.76,72.86,71.78
2024-11-20 08:10:41,73.76,72.86,71.78
2024-11-20 08:11:41,73.76,72.86,71.78
2024-11-20 08:12:40,73.76,72.86,71.78
2024-11-20 08:13:40,73.76,72.86,71.78
2024-11-20 08:14:40,73.76,73.04,71.78
2024-11-20 08:15:40,73.94,73.04,71.78
2024-11-20 08:16:39,73.94,73.04,71.96
2024-11-20 08:17:39,73.94,73.04,71.96
2024-11-20 08:18:38,73.94,73.04,71.96
2024-11-20 08:19:38,73.94,73.04,71.96
2024-11-20 08:20:38,73.94,73.04,71.96
2024-11-20 08:21:38,73.94,73.04,71.96
2024-11-20 08:22:37,73.94,73.04,71.96
2024-11-20 08:23:37,73.94,73.04,71.96
2024-11-20 08:24:37,74.12,73.04,71.96
2024-11-20 08:25:36,73.94,73.04,71.96
2024-11-20 08:26:36,74.12,73.04,71.96
2024-11-20 08:27:36,73.94,73.04,71.96
2024-11-20 08:28:35,73.94,73.04,71.96
2024-11-20 08:29:35,74.12,73.04,71.96
2024-11-20 08:30:35,73.94,73.04,71.96
2024-11-20 08:31:34,74.12,73.04,71.96
2024-11-20 08:32:34,73.94,73.04,71.96
2024-11-20 08:33:34,74.12,73.04,71.96
2024-11-20 08:34:33,74.12,73.04,71.96
2024-11-20 08:35:33,74.3,73.22,71.96
2024-11-20 08:36:33,74.12,73.22,71.96
2024-11-20 08:37:32,74.12,73.22,71.96
2024-11-20 08:38:32,74.3,73.22,71.96
2024-11-20 08:39:32,74.3,73.22,71.96
2024-11-20 08:40:31,74.12,73.22,71.96
2024-11-20 08:41:31,74.12,73.22,71.96
2024-11-20 08:42:31,74.12,73.22,72.14
2024-11-20 08:43:30,74.12,73.22,72.14
2024-11-20 08:44:30,74.12,73.22,72.14
2024-11-20 08:45:30,73.94,73.22,72.14
2024-11-20 08:46:30,73.94,73.22,72.14
2024-11-20 08:47:29,74.12,73.22,72.14
2024-11-20 08:48:29,74.12,73.22,72.14
2024-11-20 08:49:29,73.94,73.22,72.14
2024-11-20 08:50:28,74.12,73.22,72.14
2024-11-20 08:51:28,74.12,73.22,72.14
2024-11-20 08:52:28,74.12,73.22,72.14
2024-11-20 08:53:27,74.12,73.22,72.14
2024-11-20 08:54:27,74.12,73.22,72.14
2024-11-20 08:55:27,74.12,73.22,72.14
2024-11-20 08:56:26,74.12,73.22,72.32
2024-11-20 08:57:26,74.12,73.22,72.14
2024-11-20 08:58:26,74.12,73.22,72.32
2024-11-20 08:59:25,74.12,73.22,72.32
2024-11-20 09:00:25,74.12,73.22,72.32
2024-11-20 09:01:25,74.12,73.4,72.32
2024-11-20 09:02:24,74.12,73.22,72.32
2024-11-20 09:03:24,74.12,73.4,72.32
2024-11-20 09:04:24,74.12,73.22,72.32
2024-11-20 09:05:24,74.12,73.4,72.32
2024-11-20 09:06:23,74.12,73.4,72.32
2024-11-20 09:07:23,74.12,73.4,72.32
2024-11-20 09:08:23,74.12,73.4,72.32
2024-11-20 09:09:22,74.12,73.4,72.32
2024-11-20 09:10:22,74.12,73.4,72.32
2024-11-20 09:11:22,74.12,73.4,72.32
2024-11-20 09:12:21,74.12,73.4,72.32
2024-11-20 09:13:21,74.12,73.4,72.32
2024-11-20 09:14:21,74.12,73.4,72.32
2024-11-20 09:15:20,74.12,73.4,72.32
2024-11-20 09:16:20,74.12,73.4,72.32
2024-11-20 09:17:20,74.12,73.4,72.32
2024-11-20 09:18:19,74.12,73.58,72.32
2024-11-20 09:19:19,73.76,73.58,72.32
2024-11-20 09:20:19,73.4,73.58,72.32
2024-11-20 09:21:18,73.4,73.58,72.32
2024-11-20 09:22:18,72.68,73.58,72.32
2024-11-20 09:23:18,72.32,73.4,72.32
2024-11-20 09:24:17,71.96,73.4,72.32
2024-11-20 09:25:17,71.78,73.4,72.32
2024-11-20 09:26:17,71.6,73.4,72.32
2024-11-20 09:27:16,71.42,73.22,72.32
2024-11-20 09:28:16,71.24,73.22,72.32
2024-11-20 09:29:16,71.06,73.22,72.32
2024-11-20 09:30:15,70.88,73.22,72.32
2024-11-20 09:31:15,70.7,73.22,72.32
2024-11-20 09:32:15,70.52,73.04,72.32
2024-11-20 09:33:14,70.52,73.04,72.14
2024-11-20 09:34:14,70.34,73.04,72.14
2024-11-20 09:35:14,70.16,73.04,72.14
2024-11-20 09:36:14,70.16,73.04,72.14
2024-11-20 09:37:13,70.16,73.04,71.96
2024-11-20 09:38:13,69.98,72.86,71.96
2024-11-20 09:39:13,69.98,72.86,71.96
2024-11-20 09:40:12,69.98,72.68,71.96
2024-11-20 09:41:12,69.98,72.68,71.96
2024-11-20 09:42:12,69.8,72.68,71.96
2024-11-20 09:43:11,69.62,72.68,71.96
2024-11-20 09:44:11,69.62,72.68,71.96
2024-11-20 09:45:11,69.62,72.5,71.78
2024-11-20 09:46:10,69.62,72.5,71.78
2024-11-20 09:47:10,69.44,72.5,71.78
2024-11-20 09:48:10,69.44,72.32,71.78
2024-11-20 09:49:09,69.44,72.32,71.78
2024-11-20 09:50:09,69.44,72.32,71.78
2024-11-20 09:51:09,69.44,72.32,71.6
2024-11-20 09:52:08,69.44,72.32,71.6
2024-11-20 09:53:08,69.44,72.14,71.6
2024-11-20 09:54:08,69.26,72.14,71.42
2024-11-20 09:55:08,69.26,72.14,71.42
2024-11-20 09:56:07,69.08,71.96,71.42
2024-11-20 09:57:07,69.08,71.96,71.42
2024-11-20 09:58:07,69.08,71.96,71.42
2024-11-20 09:59:06,69.08,71.96,71.42
2024-11-20 10:00:06,69.08,71.96,71.42
2024-11-20 10:01:06,69.08,71.78,71.24
2024-11-20 10:02:05,69.08,71.78,71.24
2024-11-20 10:03:05,68.9,71.78,71.24
2024-11-20 10:04:05,68.9,71.78,71.24
2024-11-20 10:05:04,68.9,71.78,71.24
2024-11-20 10:06:04,68.72,71.78,71.24
2024-11-20 10:07:04,68.72,71.78,71.24
2024-11-20 10:08:03,68.72,71.6,71.06
2024-11-20 10:09:03,68.72,71.6,71.06
2024-11-20 10:10:03,68.72,71.42,71.06
2024-11-20 10:11:02,68.72,71.42,70.88
2024-11-20 10:12:02,68.72,71.42,70.88
2024-11-20 10:13:02,68.72,71.42,70.88
2024-11-20 10:14:01,68.72,71.42,70.88
2024-11-20 10:15:01,68.72,71.42,70.88
2024-11-20 10:16:01,68.72,71.42,70.88
2024-11-20 10:17:00,68.72,71.24,70.88
2024-11-20 10:18:00,68.72,71.24,70.88
2024-11-20 10:19:00,68.72,71.24,70.7
2024-11-20 10:20:00,68.54,71.24,70.7
2024-11-20 10:20:59,68.54,71.24,70.7
2024-11-20 10:21:59,68.54,71.24,70.52
2024-11-20 10:22:59,68.54,71.06,70.52
2024-11-20 10:23:58,68.36,71.24,70.52
2024-11-20 10:24:58,68.36,71.06,70.52
2024-11-20 10:25:58,68.36,71.06,70.52
2024-11-20 10:26:57,68.36,71.06,70.52
2024-11-20 10:27:57,68.36,71.06,70.52
2024-11-20 10:28:57,68.36,70.88,70.52
2024-11-20 10:29:56,68.18,70.88,70.52
2024-11-20 10:30:56,68.18,70.88,70.34
2024-11-20 10:31:56,68.18,70.88,70.34
2024-11-20 10:32:55,68.18,70.88,70.34
2024-11-20 10:33:55,68.18,70.7,70.34
2024-11-20 10:34:55,68.18,70.7,70.34
2024-11-20 10:35:54,68.18,70.7,70.16
2024-11-20 10:36:54,68.18,70.52,70.16
2024-11-20 10:37:54,68.18,70.52,70.16
2024-11-20 10:38:53,68.0,70.52,70.16
2024-11-20 10:39:53,68.0,70.52,70.16
2024-11-20 10:40:53,68.0,70.52,70.16
2024-11-20 10:41:52,68.0,70.52,70.16
2024-11-20 10:42:52,67.82,70.52,70.16
2024-11-20 10:43:52,67.82,70.52,70.16
2024-11-20 10:44:52,67.82,70.52,69.98
2024-11-20 10:45:51,67.82,70.34,69.98
2024-11-20 10:46:51,67.82,70.34,69.98
2024-11-20 10:47:51,67.82,70.34,69.98
2024-11-20 10:48:50,67.82,70.34,69.98
2024-11-20 10:49:50,67.82,70.16,69.98
2024-11-20 10:50:50,67.82,70.16,69.98
2024-11-20 10:51:49,67.82,70.16,69.98
2024-11-20 10:52:49,67.64,70.16,69.98
2024-11-20 10:53:49,67.64,70.16,69.8
2024-11-20 10:54:48,67.64,70.16,69.8
2024-11-20 10:55:48,67.64,70.16,69.8
2024-11-20 10:56:48,67.64,70.16,69.8
2024-11-20 10:57:47,67.64,70.16,69.8
2024-11-20 10:58:47,67.64,70.16,69.62
2024-11-20 10:59:47,67.64,69.98,69.62
2024-11-20 11:00:46,67.64,69.98,69.62
2024-11-20 11:01:46,67.64,69.98,69.62
2024-11-20 11:02:46,67.64,69.98,69.62
2024-11-20 11:03:46,67.64,69.98,69.62
2024-11-20 11:04:45,67.64,69.98,69.62
2024-11-20 11:05:45,67.64,69.98,69.62
2024-11-20 11:06:45,67.64,69.98,69.62
2024-11-20 11:07:44,67.64,69.98,69.62
2024-11-20 11:08:44,67.64,69.98,69.62
2024-11-20 11:09:44,67.64,69.98,69.44
2024-11-20 11:10:43,67.64,69.98,69.44
2024-11-20 11:11:43,67.64,69.8,69.44
2024-11-20 11:12:43,67.64,69.8,69.44
2024-11-20 11:13:42,67.64,69.8,69.44
2024-11-20 11:14:42,67.64,69.8,69.44
2024-11-20 11:15:42,67.64,69.8,69.44
2024-11-20 11:16:41,67.64,69.62,69.44
2024-11-20 11:17:41,67.64,69.62,69.44
2024-11-20 11:18:41,67.64,69.62,69.44
2024-11-20 11:19:40,67.46,69.62,69.44
2024-11-20 11:20:40,67.46,69.62,69.44
2024-11-20 11:21:40,67.46,69.62,69.26
2024-11-20 11:22:40,67.46,69.62,69.26
2024-11-20 11:23:39,67.28,69.62,69.26
2024-11-20 11:24:39,67.28,69.62,69.26
2024-11-20 11:25:39,67.28,69.62,69.26
2024-11-20 11:26:38,67.28,69.62,69.26
2024-11-20 11:27:38,67.28,69.62,69.26
2024-11-20 11:28:38,67.28,69.62,69.26
2024-11-20 11:29:37,67.28,69.62,69.08
2024-11-20 11:30:37,67.28,69.62,69.08
2024-11-20 11:31:37,67.46,69.62,69.08
2024-11-20 11:32:36,67.28,69.62,69.08
2024-11-20 11:33:36,67.28,69.62,69.08
2024-11-20 11:34:36,67.46,69.62,69.08
2024-11-20 11:35:35,67.28,69.62,69.08
2024-11-20 11:36:35,67.28,69.62,69.08
2024-11-20 11:37:35,67.28,69.62,69.08
2024-11-20 11:38:34,67.28,69.44,69.08
2024-11-20 11:39:34,67.28,69.44,69.08
2024-11-20 11:40:34,67.28,69.44,69.08
2024-11-20 11:41:33,67.46,69.44,69.08
2024-11-20 11:42:33,67.46,69.44,69.08
2024-11-20 11:43:33,67.64,69.44,69.08
2024-11-20 11:44:32,67.82,69.44,69.08
2024-11-20 11:45:32,67.82,69.44,69.08
2024-11-20 11:46:32,67.82,69.44,69.08
2024-11-20 11:47:32,67.82,69.44,69.08
2024-11-20 11:48:31,68.0,69.44,69.08
2024-11-20 11:49:31,68.18,69.44,69.08
2024-11-20 11:50:31,68.18,69.44,69.08
2024-11-20 11:51:30,68.36,69.44,68.9
2024-11-20 11:52:30,68.36,69.44,68.9
2024-11-20 11:53:30,68.18,69.44,68.9
2024-11-20 11:54:29,68.18,69.44,68.9
2024-11-20 11:55:29,68.18,69.44,68.9
2024-11-20 11:56:29,68.18,69.44,68.9
2024-11-20 11:57:28,68.18,69.44,68.9
2024-11-20 11:58:28,68.18,69.44,68.9
2024-11-20 11:59:28,68.18,69.44,68.9
2024-11-20 12:00:28,68.18,69.44,68.9
2024-11-20 12:01:27,68.18,69.44,68.9
2024-11-20 12:02:27,68.18,69.44,68.9
2024-11-20 12:03:27,68.18,69.44,68.9
2024-11-20 12:04:26,68.36,69.44,68.9
2024-11-20 12:05:26,68.36,69.62,68.9
2024-11-20 12:06:26,68.18,69.44,68.9
2024-11-20 12:07:25,68.18,69.44,68.9
2024-11-20 12:08:25,68.18,69.44,68.9
2024-11-20 12:09:25,68.18,69.44,68.9
2024-11-20 12:10:24,68.36,69.44,68.9
2024-11-20 12:11:24,68.54,69.62,68.9
2024-11-20 12:12:24,68.72,69.62,68.9
2024-11-20 12:13:23,68.72,69.44,68.9
2024-11-20 12:14:23,68.72,69.44,68.9
2024-11-20 12:15:23,68.9,69.44,68.9
2024-11-20 12:16:22,69.08,69.44,68.9
2024-11-20 12:17:22,69.08,69.62,68.9
2024-11-20 12:18:22,69.26,69.62,68.9
2024-11-20 12:19:21,69.26,69.62,68.9
2024-11-20 12:20:21,69.44,69.62,68.9
2024-11-20 12:21:21,69.44,69.62,68.9
2024-11-20 12:22:20,69.44,69.62,68.9
2024-11-20 12:23:20,69.62,69.62,68.9
2024-11-20 12:24:20,69.44,69.62,68.9
2024-11-20 12:25:20,69.62,69.62,68.9
2024-11-20 12:26:19,69.62,69.62,69.08
2024-11-20 12:27:19,69.62,69.62,69.08
2024-11-20 12:28:19,69.8,69.62,69.08
2024-11-20 12:29:18,69.62,69.62,69.08
2024-11-20 12:30:18,69.62,69.62,69.08
2024-11-20 12:31:18,69.62,69.62,69.08
2024-11-20 12:32:17,69.44,69.62,69.08
2024-11-20 12:33:17,69.44,69.62,69.08
2024-11-20 12:34:17,69.44,69.62,69.08
2024-11-20 12:35:16,69.26,69.62,69.08
2024-11-20 12:36:16,69.08,69.62,69.08
2024-11-20 12:37:16,68.9,69.62,69.08
2024-11-20 12:38:15,68.72,69.62,69.08
2024-11-20 12:39:15,68.72,69.62,69.08
2024-11-20 12:40:15,68.72,69.62,69.08
2024-11-20 12:41:14,68.72,69.62,69.08
2024-11-20 12:42:14,68.54,69.62,69.08
2024-11-20 12:43:14,68.36,69.62,69.08
2024-11-20 12:44:13,68.36,69.62,69.08
2024-11-20 12:45:13,68.54,69.8,69.08
2024-11-20 12:46:13,68.72,69.8,69.08
2024-11-20 12:47:12,68.72,69.62,69.08
2024-11-20 12:48:12,68.9,69.62,69.08
2024-11-20 12:49:12,69.08,69.62,69.08
2024-11-20 12:50:12,68.9,69.62,69.08
2024-11-20 12:51:11,68.72,69.62,69.08
2024-11-20 12:52:11,68.72,69.62,69.08
2024-11-20 12:53:11,68.72,69.62,69.08
2024-11-20 12:54:10,68.72,69.8,69.08
2024-11-20 12:55:10,68.72,69.8,69.08
2024-11-20 12:56:10,68.72,69.8,69.08
2024-11-20 12:57:09,68.54,69.8,69.08
2024-11-20 12:58:09,68.36,69.8,69.08
2024-11-20 12:59:09,68.36,69.8,69.08
2024-11-20 13:00:08,68.36,69.8,69.08
2024-11-20 13:01:08,68.36,69.8,69.08
2024-11-20 13:02:08,68.36,69.8,69.08
2024-11-20 13:03:07,68.36,69.8,69.08
2024-11-20 13:04:07,68.36,69.8,69.08
2024-11-20 13:05:07,68.36,69.8,69.08
2024-11-20 13:06:06,68.36,69.8,69.08
2024-11-20 13:07:06,68.36,69.8,69.08
2024-11-20 13:08:06,68.36,69.8,69.08
2024-11-20 13:09:06,68.36,69.8,69.08
2024-11-20 13:10:05,68.36,69.8,69.08
2024-11-20 13:11:05,68.36,69.8,69.08
2024-11-20 13:12:05,68.36,69.8,69.08
2024-11-20 13:13:04,68.36,69.8,69.08
2024-11-20 13:14:04,68.36,69.8,69.08
2024-11-20 13:15:04,68.36,69.8,69.08
2024-11-20 13:16:03,68.36,69.8,69.08
2024-11-20 13:17:03,68.36,69.8,69.08
2024-11-20 13:18:03,68.54,69.8,69.08
2024-11-20 13:19:02,68.72,69.8,69.08
2024-11-20 13:20:02,68.72,69.8,69.08
2024-11-20 13:21:02,68.72,69.8,69.08
2024-11-20 13:22:01,68.72,69.8,69.08
2024-11-20 13:23:01,68.72,69.8,69.08
2024-11-20 13:24:01,68.72,69.8,69.08
2024-11-20 13:25:00,68.72,69.8,69.08
2024-11-20 13:26:00,68.72,69.8,69.08
2024-11-20 13:27:00,68.72,69.8,69.08
2024-11-20 13:27:59,68.72,69.8,69.08
2024-11-20 13:28:59,68.54,69.8,69.08
2024-11-20 13:29:59,68.54,69.8,69.08
2024-11-20 13:30:58,68.36,69.8,69.08
2024-11-20 13:31:58,68.54,69.8,69.08
2024-11-20 13:32:58,68.36,69.8,69.08
2024-11-20 13:33:58,68.36,69.8,69.08
2024-11-20 13:34:57,68.18,69.8,69.08
2024-11-20 13:35:57,68.18,69.98,69.08
2024-11-20 13:36:57,68.36,69.8,69.08
2024-11-20 13:37:56,68.36,69.8,69.08
2024-11-20 13:38:56,68.54,69.8,69.08
2024-11-20 13:39:56,68.72,69.98,69.08
2024-11-20 13:40:55,68.72,69.98,69.08
2024-11-20 13:41:55,68.72,69.98,69.08
2024-11-20 13:42:55,68.72,69.98,69.08
2024-11-20 13:43:54,68.72,69.98,69.08
2024-11-20 13:44:54,68.72,69.98,69.08
2024-11-20 13:45:54,68.72,69.98,69.08
2024-11-20 13:46:53,68.9,69.98,69.08
2024-11-20 13:47:53,68.72,69.98,69.08
2024-11-20 13:48:53,68.72,69.98,69.08
2024-11-20 13:49:52,68.72,69.98,69.08
2024-11-20 13:50:52,68.72,69.98,69.08
2024-11-20 13:51:52,68.54,69.98,69.08
2024-11-20 13:52:52,68.54,69.98,69.08
2024-11-20 13:53:51,68.36,69.98,69.08
2024-11-20 13:54:52,68.36,69.98,69.08
2024-11-20 13:55:52,68.36,69.98,69.08
2024-11-20 13:56:51,68.18,69.98,69.08
2024-11-20 13:57:51,68.18,69.98,69.08
2024-11-20 13:58:51,68.18,69.98,69.08
2024-11-20 13:59:50,68.18,69.98,69.08
2024-11-20 14:00:50,68.18,69.98,69.08
2024-11-20 14:01:50,68.18,69.98,69.08
2024-11-20 14:02:49,68.18,69.98,69.08
2024-11-20 14:03:49,68.36,69.98,69.08
2024-11-20 14:04:49,68.36,69.98,69.08
2024-11-20 14:05:48,68.36,69.98,69.08
2024-11-20 14:06:48,68.36,69.98,69.08
2024-11-20 14:07:49,68.54,69.98,69.08
2024-11-20 14:08:48,68.54,69.98,69.08
2024-11-20 14:09:48,68.54,69.98,69.08
2024-11-20 14:10:48,68.54,69.98,69.08
2024-11-20 14:11:47,68.54,69.98,69.08
2024-11-20 14:12:47,68.54,69.98,69.08
2024-11-20 14:13:47,68.54,69.98,69.08
2024-11-20 14:14:46,68.54,69.98,69.08
2024-11-20 14:15:46,68.54,69.98,69.08
2024-11-20 14:16:46,68.36,69.98,69.08
2024-11-20 14:17:46,68.36,69.98,69.08
2024-11-20 14:18:45,68.54,69.98,69.08
2024-11-20 14:19:45,68.36,69.98,69.08
2024-11-20 14:20:45,68.36,69.98,69.08
2024-11-20 14:21:44,68.36,69.98,69.08
2024-11-20 14:22:44,68.18,69.98,69.08
2024-11-20 14:23:44,68.36,69.8,69.08
2024-11-20 14:24:43,68.36,69.8,69.08
2024-11-20 14:25:43,68.18,69.8,69.08
2024-11-20 14:26:43,68.36,69.8,69.08
2024-11-20 14:27:42,68.18,69.8,69.08
2024-11-20 14:28:42,68.36,69.8,69.08
2024-11-20 14:29:42,68.36,69.8,69.08
2024-11-20 14:30:41,68.36,69.8,69.08
2024-11-20 14:31:41,68.18,69.8,69.08
2024-11-20 14:32:41,68.36,69.8,69.08
2024-11-20 14:33:40,68.36,69.8,69.08
2024-11-20 14:34:40,68.36,69.8,69.08
2024-11-20 14:35:40,68.36,69.8,69.08
2024-11-20 14:36:40,68.36,69.8,69.08
2024-11-20 14:37:39,68.36,69.8,69.08
2024-11-20 14:38:39,68.36,69.8,69.08
2024-11-20 14:39:39,68.36,69.8,69.08
2024-11-20 14:40:38,68.36,69.8,69.08
2024-11-20 14:41:38,68.36,69.8,69.08
2024-11-20 14:42:38,68.36,69.8,69.08
2024-11-20 14:43:37,68.36,69.8,69.08
2024-11-20 14:44:37,68.36,69.8,69.08
2024-11-20 14:45:37,68.18,69.8,69.08
2024-11-20 14:46:36,68.36,69.8,69.08
2024-11-20 14:47:36,68.36,69.98,69.08
2024-11-20 14:48:36,68.36,69.98,69.08
2024-11-20 14:49:35,68.36,69.98,69.08
2024-11-20 14:50:35,68.36,69.98,68.9
2024-11-20 14:51:35,68.36,69.98,69.08
2024-11-20 14:52:34,68.36,69.8,68.9
2024-11-20 14:53:34,68.36,69.8,69.08
2024-11-20 14:54:34,68.36,69.8,69.08
2024-11-20 14:55:33,68.36,69.8,69.08
2024-11-20 14:56:33,68.36,69.8,68.9
2024-11-20 14:57:33,68.36,69.8,68.9
2024-11-20 14:58:32,68.36,69.8,69.08
2024-11-20 14:59:32,68.36,69.8,69.08
2024-11-20 15:00:32,68.36,69.8,68.9
2024-11-20 15:01:32,68.36,69.98,69.08
2024-11-20 15:02:31,68.36,69.8,68.9
2024-11-20 15:03:31,68.36,69.8,69.08
2024-11-20 15:04:31,68.36,69.8,69.08
2024-11-20 15:05:30,68.36,69.8,69.08
2024-11-20 15:06:30,68.36,69.8,68.9
2024-11-20 15:07:30,68.54,69.8,68.9
2024-11-20 15:08:29,68.54,69.8,68.9
2024-11-20 15:09:29,68.54,69.98,68.9
2024-11-20 15:10:29,68.54,69.98,68.9
2024-11-20 15:11:28,68.54,69.98,68.9
2024-11-20 15:12:28,68.54,69.8,68.9
2024-11-20 15:13:28,68.54,69.8,68.9
2024-11-20 15:14:27,68.54,69.8,68.9
2024-11-20 15:15:27,68.54,69.8,68.9
2024-11-20 15:16:27,68.36,69.8,68.9
2024-11-20 15:17:26,68.36,69.8,68.9
2024-11-20 15:18:26,68.18,69.8,68.9
2024-11-20 15:19:26,68.18,69.8,68.9
2024-11-20 15:20:25,68.18,69.8,68.9
2024-11-20 15:21:25,68.36,69.8,68.9
2024-11-20 15:22:25,68.36,69.8,68.9
2024-11-20 15:23:24,68.54,69.8,68.9
2024-11-20 15:24:24,68.54,69.8,68.9
2024-11-20 15:25:24,68.54,69.62,68.9
2024-11-20 15:26:24,68.54,69.8,68.9
2024-11-20 15:27:23,68.72,69.8,68.9
2024-11-20 15:28:23,68.36,69.8,68.9
2024-11-20 15:29:23,68.54,69.8,68.9
2024-11-20 15:30:22,68.54,69.8,68.9
2024-11-20 15:31:22,68.54,69.8,68.9
2024-11-20 15:32:22,68.54,69.8,68.9
2024-11-20 15:33:21,68.36,69.8,69.08
2024-11-20 15:34:21,68.36,69.8,69.08
2024-11-20 15:35:21,68.54,69.8,68.9
2024-11-20 15:36:20,68.36,69.8,68.9
2024-11-20 15:37:20,68.36,69.8,69.08
2024-11-20 15:38:20,68.54,69.98,68.9
2024-11-20 15:39:19,68.36,69.8,68.9
2024-11-20 15:40:19,68.36,69.8,69.08
2024-11-20 15:41:19,68.36,69.8,69.08
2024-11-20 15:42:18,68.36,69.8,68.9
2024-11-20 15:43:18,68.54,69.8,68.9
2024-11-20 15:44:18,68.54,69.8,68.9
2024-11-20 15:45:17,68.36,69.98,68.9
2024-11-20 15:46:17,68.36,69.8,68.9
2024-11-20 15:47:17,68.36,69.8,69.08
2024-11-20 15:48:16,68.36,69.8,68.9
2024-11-20 15:49:16,68.36,69.8,68.9
2024-11-20 15:50:16,68.36,69.8,68.9
2024-11-20 15:51:16,68.36,69.8,68.9
2024-11-20 15:52:15,68.36,69.8,68.9
2024-11-20 15:53:15,68.36,69.8,68.9
2024-11-20 15:54:15,68.54,69.8,68.9
2024-11-20 15:55:14,68.36,69.8,69.08
2024-11-20 15:56:14,68.54,69.98,68.9
2024-11-20 15:57:14,68.36,69.8,68.9
2024-11-20 15:58:13,68.36,69.8,69.08
2024-11-20 15:59:13,68.36,69.8,68.9
2024-11-20 16:00:13,68.36,69.8,69.08
2024-11-20 16:01:12,68.36,69.8,68.9
2024-11-20 16:02:12,68.36,69.8,69.08
2024-11-20 16:03:12,68.54,69.8,69.08
2024-11-20 16:04:11,68.54,69.98,68.9
2024-11-20 16:05:11,68.18,69.98,68.9
2024-11-20 16:06:11,68.36,69.8,68.9
2024-11-20 16:07:10,68.18,69.8,68.9
2024-11-20 16:08:10,68.36,69.8,68.9
2024-11-20 16:09:10,68.18,69.8,68.9
2024-11-20 16:10:09,68.18,69.8,68.9
2024-11-20 16:11:09,68.36,69.98,68.9
2024-11-20 16:12:09,68.54,69.8,68.9
2024-11-20 16:13:08,68.54,69.98,68.9
2024-11-20 16:14:08,68.54,69.8,68.9
2024-11-20 16:15:08,68.36,69.8,68.9
2024-11-20 16:16:08,68.36,69.8,68.9
2024-11-20 16:17:07,68.36,69.8,68.9
2024-11-20 16:18:07,68.36,69.8,68.9
2024-11-20 16:19:07,68.36,69.8,68.9
2024-11-20 16:20:06,68.36,69.8,69.08
2024-11-20 16:21:06,68.36,69.8,68.9
2024-11-20 16:22:06,68.36,69.8,68.9
2024-11-20 16:23:05,68.54,69.8,69.08
2024-11-20 16:24:05,68.54,69.8,68.9
2024-11-20 16:25:05,68.54,69.8,68.9
2024-11-20 16:26:04,68.54,69.8,69.08
2024-11-20 16:27:04,68.54,69.8,69.08
2024-11-20 16:28:04,68.54,69.8,69.08
2024-11-20 16:29:03,68.54,69.8,68.9
2024-11-20 16:30:03,68.54,69.8,68.9
2024-11-20 16:31:03,68.54,69.8,68.9
2024-11-20 16:32:02,68.54,69.8,68.9
2024-11-20 16:33:02,68.54,69.8,68.9
2024-11-20 16:34:02,68.54,69.8,68.9
2024-11-20 16:35:01,68.54,69.8,69.08
2024-11-20 16:36:01,68.36,69.8,68.9
2024-11-20 16:37:01,68.54,69.8,69.08
2024-11-20 16:38:00,68.54,69.8,68.9
2024-11-20 16:39:00,68.72,69.8,68.9
2024-11-20 16:40:00,68.72,69.8,68.9
2024-11-20 16:41:00,68.54,69.8,69.08
2024-11-20 16:41:59,68.72,69.8,68.9
2024-11-20 16:42:59,68.54,69.8,68.9
2024-11-20 16:43:59,68.54,69.8,69.08
2024-11-20 16:44:58,68.54,69.8,68.9
2024-11-20 16:45:58,68.54,69.8,68.9
2024-11-20 16:46:58,68.54,69.8,68.9
2024-11-20 16:47:57,68.72,69.8,69.08
2024-11-20 16:48:57,68.72,69.8,69.08
2024-11-20 16:49:57,68.72,69.8,68.9
2024-11-20 16:50:56,68.72,69.8,68.9
2024-11-20 16:51:56,68.72,69.98,69.08
2024-11-20 16:52:56,68.72,69.8,68.9
2024-11-20 16:53:55,68.54,69.8,68.9
2024-11-20 16:54:55,68.54,69.8,68.9
2024-11-20 16:55:55,68.54,69.8,69.08
2024-11-20 16:56:54,68.72,69.8,68.9
2024-11-20 16:57:54,68.72,69.8,68.9
2024-11-20 16:58:54,68.72,69.8,68.9
2024-11-20 16:59:53,68.54,69.8,68.9
2024-11-20 17:00:53,68.54,69.8,68.9
2024-11-20 17:01:53,68.72,69.8,68.9
2024-11-20 17:02:52,68.54,69.8,68.9
2024-11-20 17:03:52,68.54,69.8,68.9
2024-11-20 17:04:52,68.54,69.8,69.08
2024-11-20 17:05:51,68.54,69.8,68.9
2024-11-20 17:06:51,68.72,69.8,68.9
2024-11-20 17:07:51,68.9,69.8,68.9
2024-11-20 17:08:51,69.08,69.8,68.9
2024-11-20 17:09:50,69.08,69.8,68.9
2024-11-20 17:10:50,69.08,69.8,69.08
2024-11-20 17:11:50,69.44,69.8,68.9
2024-11-20 17:12:49,69.62,69.98,68.9
2024-11-20 17:13:49,69.62,69.98,69.08
2024-11-20 17:14:49,69.62,69.98,69.08
2024-11-20 17:15:48,69.62,69.98,69.08
2024-11-20 17:16:48,69.44,69.98,69.08
2024-11-20 17:17:48,69.26,69.8,69.08
2024-11-20 17:18:47,69.08,69.8,69.08
2024-11-20 17:19:47,68.72,69.8,69.08
2024-11-20 17:20:47,68.54,69.8,69.08
2024-11-20 17:21:46,68.54,69.8,69.08
2024-11-20 17:22:46,68.54,69.8,69.08
2024-11-20 17:23:46,68.36,69.8,69.08
2024-11-20 17:24:45,68.36,69.8,69.08
2024-11-20 17:25:45,68.18,69.8,69.08
2024-11-20 17:26:45,68.0,69.8,69.08
2024-11-20 17:27:44,68.0,69.8,69.08
2024-11-20 17:28:44,68.0,69.8,69.08
2024-11-20 17:29:44,68.0,69.8,69.08
2024-11-20 17:30:44,67.82,69.8,69.08
2024-11-20 17:31:43,67.82,69.62,69.08
2024-11-20 17:32:43,67.82,69.62,68.9
2024-11-20 17:33:43,68.18,69.62,68.9
2024-11-20 17:34:42,68.18,69.62,68.9
2024-11-20 17:35:42,68.18,69.62,68.9
2024-11-20 17:36:42,68.18,69.62,68.9
2024-11-20 17:37:41,68.18,69.44,68.9
2024-11-20 17:38:41,68.36,69.44,68.9
2024-11-20 17:39:41,68.36,69.26,68.72
2024-11-20 17:40:40,68.36,69.08,68.72
2024-11-20 17:41:40,68.36,69.08,68.72
2024-11-20 17:42:40,68.36,68.9,68.72
2024-11-20 17:43:39,68.36,68.72,68.72
2024-11-20 17:44:39,68.18,68.72,68.72
2024-11-20 17:45:39,68.18,68.54,68.72
2024-11-20 17:46:38,68.18,68.36,68.72
2024-11-20 17:47:38,68.18,68.36,68.54
2024-11-20 17:48:38,68.18,68.18,68.54
2024-11-20 17:49:37,68.18,68.18,68.54
2024-11-20 17:50:37,68.18,68.0,68.54
2024-11-20 17:51:37,68.18,67.82,68.36
2024-11-20 17:52:36,68.36,67.82,68.36
2024-11-20 17:53:36,68.36,67.64,68.36
2024-11-20 17:54:36,68.36,67.64,68.36
2024-11-20 17:55:35,68.36,67.46,68.36
2024-11-20 17:56:35,68.36,67.28,68.36
2024-11-20 17:57:35,68.36,67.28,68.36
2024-11-20 17:58:34,68.36,67.1,68.36
2024-11-20 17:59:34,68.36,66.92,68.18
2024-11-20 18:00:34,68.36,66.92,68.18
2024-11-20 18:01:34,68.36,66.92,68.18
2024-11-20 18:02:33,68.36,66.74,68.18
2024-11-20 18:03:33,68.54,66.56,68.18
2024-11-20 18:04:33,68.54,66.56,68.18
2024-11-20 18:05:32,68.72,66.56,68.18
2024-11-20 18:06:32,68.72,66.56,68.18
2024-11-20 18:07:32,68.72,66.56,68.18
2024-11-20 18:08:31,68.72,66.38,68.18
2024-11-20 18:09:31,68.72,66.38,68.18
2024-11-20 18:10:31,68.72,66.38,68.0
2024-11-20 18:11:30,68.72,66.38,68.0
2024-11-20 18:12:30,68.72,66.2,68.0
2024-11-20 18:13:30,68.72,66.2,68.0
2024-11-20 18:14:30,68.9,66.2,68.0
2024-11-20 18:15:29,68.9,66.02,68.0
2024-11-20 18:16:29,68.9,65.84,68.0
2024-11-20 18:17:29,69.08,82.22,68.0
2024-11-20 18:18:28,69.08,82.04,68.0
2024-11-20 18:19:28,69.08,82.22,68.0
2024-11-20 18:20:28,69.26,82.04,68.18
2024-11-20 18:21:27,69.26,82.04,68.18
2024-11-20 18:22:27,69.44,81.86,68.36
2024-11-20 18:23:27,69.44,81.14,68.36
2024-11-20 18:24:26,69.62,80.96,68.36
2024-11-20 18:25:26,69.62,80.78,68.54
2024-11-20 18:26:26,69.62,80.6,68.72
2024-11-20 18:27:25,69.8,80.24,68.72
2024-11-20 18:28:25,69.8,80.24,68.72
2024-11-20 18:29:25,69.98,79.88,68.9
2024-11-20 18:30:24,69.98,78.98,68.9
2024-11-20 18:31:24,69.98,78.98,69.08
2024-11-20 18:32:24,69.98,78.44,69.08
2024-11-20 18:33:24,69.98,77.9,69.08
2024-11-20 18:34:23,69.98,77.72,69.26
2024-11-20 18:35:23,69.98,77.36,69.26
2024-11-20 18:36:23,70.16,77.18,69.44
2024-11-20 18:37:22,70.16,77.18,69.44
2024-11-20 18:38:22,69.98,77.0,69.44
2024-11-20 18:39:22,69.98,76.82,69.44
2024-11-20 18:40:21,69.98,76.64,69.62
2024-11-20 18:41:21,69.98,76.28,69.62
2024-11-20 18:42:21,69.98,76.28,69.62
2024-11-20 18:43:20,69.98,76.1,69.8
2024-11-20 18:44:20,69.98,75.74,69.8
2024-11-20 18:45:20,69.8,75.74,69.8
2024-11-20 18:46:19,69.98,75.38,69.98
2024-11-20 18:47:19,69.8,75.38,69.98
2024-11-20 18:48:19,69.62,75.38,69.98
2024-11-20 18:49:18,69.62,75.2,69.98
2024-11-20 18:50:18,69.44,75.02,69.98
2024-11-20 18:51:18,69.44,74.84,69.98
2024-11-20 18:52:17,69.44,74.66,69.98
2024-11-20 18:53:17,69.26,74.48,69.98
2024-11-20 18:54:17,69.26,74.48,69.98
2024-11-20 18:55:16,69.08,74.12,69.98
2024-11-20 18:56:16,69.08,74.12,69.98
2024-11-20 18:57:16,69.08,73.94,69.98
2024-11-20 18:58:16,69.08,73.76,69.98
2024-11-20 18:59:15,69.08,73.76,69.98
2024-11-20 19:00:15,69.08,73.58,69.98
2024-11-20 19:01:15,68.9,73.4,70.16
2024-11-20 19:02:14,68.72,73.22,70.16
2024-11-20 19:03:14,68.72,73.22,70.16
2024-11-20 19:04:14,68.72,73.22,70.16
2024-11-20 19:05:13,68.72,73.04,70.16
2024-11-20 19:06:13,68.72,73.04,70.16
2024-11-20 19:07:13,68.72,72.86,70.16
2024-11-20 19:08:12,68.54,72.86,70.16
2024-11-20 19:09:12,68.72,72.68,70.16
2024-11-20 19:10:12,68.72,72.68,70.16
2024-11-20 19:11:11,68.72,72.5,70.16
2024-11-20 19:12:11,68.72,72.5,70.16
2024-11-20 19:13:11,68.9,72.32,70.16
2024-11-20 19:14:10,69.08,72.32,70.16
2024-11-20 19:15:10,69.08,72.32,70.16
2024-11-20 19:16:10,69.26,72.32,70.16
2024-11-20 19:17:09,69.44,72.14,70.16
2024-11-20 19:18:09,69.44,72.14,70.16
2024-11-20 19:19:09,69.44,72.14,70.34
2024-11-20 19:20:08,69.44,71.96,70.34
2024-11-20 19:21:08,69.62,71.96,70.34
2024-11-20 19:22:08,69.62,71.96,70.34
2024-11-20 19:23:08,69.62,71.96,70.34
2024-11-20 19:24:07,69.98,71.96,70.34
2024-11-20 19:25:07,69.98,71.96,70.34
2024-11-20 19:26:07,69.98,71.96,70.52
2024-11-20 19:27:06,69.8,71.96,70.52
2024-11-20 19:28:06,69.62,71.78,70.52
2024-11-20 19:29:06,69.44,71.78,70.52
2024-11-20 19:30:05,69.44,71.78,70.52
2024-11-20 19:31:05,69.26,71.78,70.52
2024-11-20 19:32:05,69.08,71.78,70.52
2024-11-20 19:33:04,69.08,71.6,70.34
2024-11-20 19:34:04,68.9,71.6,70.34
2024-11-20 19:35:04,68.9,71.42,70.34
2024-11-20 19:36:03,68.72,71.42,70.34
2024-11-20 19:37:03,68.72,71.42,70.34
2024-11-20 19:38:03,68.72,71.42,70.34
2024-11-20 19:39:02,68.72,71.42,70.34
2024-11-20 19:40:02,68.72,71.42,70.34
2024-11-20 19:41:02,68.72,71.24,70.34
2024-11-20 19:42:01,68.72,71.24,70.34
2024-11-20 19:43:01,68.72,71.24,70.34
2024-11-20 19:44:01,68.72,71.24,70.34
2024-11-20 19:45:00,68.72,71.24,70.34
2024-11-20 19:46:00,68.72,71.24,70.16
2024-11-20 19:47:00,68.54,71.06,70.16
2024-11-20 19:48:00,68.54,71.06,70.16
2024-11-20 19:48:59,68.54,71.06,70.16
2024-11-20 19:49:59,68.54,70.88,70.16
2024-11-20 19:50:59,68.54,70.88,70.16
2024-11-20 19:51:58,68.54,70.88,70.16
2024-11-20 19:52:58,68.54,70.88,70.16
2024-11-20 19:53:58,68.54,70.88,70.16
2024-11-20 19:54:57,68.54,70.88,70.16
2024-11-20 19:55:57,68.36,70.7,70.16
2024-11-20 19:56:57,68.54,70.7,70.16
2024-11-20 19:57:56,68.54,70.7,70.16
2024-11-20 19:58:56,68.36,70.7,70.16
2024-11-20 19:59:56,68.36,70.52,70.16
2024-11-20 20:00:55,68.36,70.52,70.16
2024-11-20 20:01:55,68.36,70.52,70.16
2024-11-20 20:02:55,68.36,70.52,70.16
2024-11-20 20:03:54,68.36,70.52,70.16
2024-11-20 20:04:54,68.36,70.52,69.98
2024-11-20 20:05:54,68.36,70.52,69.98
2024-11-20 20:06:54,68.36,70.52,69.98
2024-11-20 20:07:53,68.54,70.52,69.98
2024-11-20 20:08:53,68.54,70.34,69.98
2024-11-20 20:09:53,68.54,70.34,69.98
2024-11-20 20:10:52,68.54,70.34,69.98
2024-11-20 20:11:52,68.36,70.34,69.98
2024-11-20 20:12:52,68.54,70.34,69.98
2024-11-20 20:13:51,68.72,70.34,69.98
2024-11-20 20:14:51,69.08,70.16,69.98
2024-11-20 20:15:51,69.08,70.16,69.98
2024-11-20 20:16:50,69.08,70.16,69.98
2024-11-20 20:17:50,69.44,70.16,69.98
2024-11-20 20:18:50,69.44,70.16,69.98
2024-11-20 20:19:49,69.62,70.16,69.98
2024-11-20 20:20:49,69.8,70.16,69.98
2024-11-20 20:21:49,69.98,70.16,69.98
2024-11-20 20:22:48,69.98,70.16,69.98
2024-11-20 20:23:48,69.98,70.16,69.98
2024-11-20 20:24:48,70.16,70.16,69.98
2024-11-20 20:25:48,70.16,70.34,69.98
2024-11-20 20:26:47,70.52,70.34,69.98
2024-11-20 20:27:47,70.52,70.34,69.98
2024-11-20 20:28:47,70.7,70.34,69.98
2024-11-20 20:29:46,70.7,70.34,69.98
2024-11-20 20:30:46,70.7,70.34,70.16
2024-11-20 20:31:46,70.88,70.34,70.16
2024-11-20 20:32:45,70.88,70.34,70.16
2024-11-20 20:33:45,70.88,70.34,70.16
2024-11-20 20:34:45,70.88,70.34,70.16
2024-11-20 20:35:44,71.06,70.52,70.16
2024-11-20 20:36:44,71.06,70.52,70.16
2024-11-20 20:37:44,71.24,70.52,70.16
2024-11-20 20:38:43,71.24,70.52,70.16
2024-11-20 20:39:43,71.24,70.52,70.16
2024-11-20 20:40:43,71.24,70.52,70.16
2024-11-20 20:41:43,71.24,70.52,70.16
2024-11-20 20:42:42,71.42,70.52,70.16
2024-11-20 20:43:42,71.42,70.52,70.16
2024-11-20 20:44:42,71.42,70.52,70.16
2024-11-20 20:45:41,71.42,70.52,70.16
2024-11-20 20:46:41,71.42,70.52,70.16
2024-11-20 20:47:41,71.42,70.52,70.34
2024-11-20 20:48:40,71.6,70.52,70.34
2024-11-20 20:49:40,71.6,70.7,70.34
2024-11-20 20:50:40,71.6,70.7,70.34
2024-11-20 20:51:39,71.6,70.7,70.34
2024-11-20 20:52:39,71.78,70.7,70.34
2024-11-20 20:53:39,71.78,70.7,70.34
2024-11-20 20:54:38,71.78,70.88,70.34
2024-11-20 20:55:38,71.78,70.7,70.52
2024-11-20 20:56:38,71.78,70.88,70.52
2024-11-20 20:57:37,71.78,70.88,70.52
2024-11-20 20:58:37,71.78,70.88,70.52
2024-11-20 20:59:37,71.78,70.88,70.52
2024-11-20 21:00:36,71.78,70.88,70.52
2024-11-20 21:01:36,71.78,70.88,70.52
2024-11-20 21:02:36,71.96,70.88,70.52
2024-11-20 21:03:36,71.96,70.88,70.52
2024-11-20 21:04:35,71.96,70.88,70.52
2024-11-20 21:05:35,71.96,70.88,70.52
2024-11-20 21:06:35,71.96,71.06,70.52
2024-11-20 21:07:34,71.96,71.06,70.52
2024-11-20 21:08:34,71.96,71.06,70.52
2024-11-20 21:09:34,71.96,71.06,70.52
2024-11-20 21:10:33,72.32,71.24,70.52
2024-11-20 21:11:33,72.14,71.24,70.7
2024-11-20 21:12:33,72.14,71.24,70.7
2024-11-20 21:13:32,72.14,71.24,70.7
2024-11-20 21:14:32,72.14,71.24,70.7
2024-11-20 21:15:32,72.14,71.24,70.7
2024-11-20 21:16:31,72.14,71.24,70.7
2024-11-20 21:17:31,72.14,71.24,70.7
2024-11-20 21:18:31,72.14,71.24,70.88
2024-11-20 21:19:30,72.14,71.24,70.88
2024-11-20 21:20:30,72.14,71.24,70.88
2024-11-20 21:21:30,72.14,71.24,70.88
2024-11-20 21:22:29,72.32,71.42,70.88
2024-11-20 21:23:29,72.32,71.42,70.88
2024-11-20 21:24:29,72.32,71.42,70.88
2024-11-20 21:25:28,72.32,71.42,70.88
2024-11-20 21:26:28,72.32,71.42,70.88
2024-11-20 21:27:28,72.32,71.42,70.88
2024-11-20 21:28:27,72.32,71.42,70.88
2024-11-20 21:29:27,72.32,71.42,70.88
2024-11-20 21:30:27,72.32,71.42,70.88
2024-11-20 21:31:26,72.32,71.42,70.88
2024-11-20 21:32:26,72.5,71.42,70.88
2024-11-20 21:33:26,72.5,71.42,70.88
2024-11-20 21:34:26,72.5,71.6,71.06
2024-11-20 21:35:25,72.5,71.6,71.06
2024-11-20 21:36:25,72.5,71.6,71.06
2024-11-20 21:37:24,72.68,71.6,71.06
2024-11-20 21:38:24,72.68,71.6,71.06
2024-11-20 21:39:24,72.68,71.78,71.06
2024-11-20 21:40:24,72.68,71.78,71.06
2024-11-20 21:41:23,72.68,71.78,71.06
2024-11-20 21:42:23,72.68,71.78,71.06
2024-11-20 21:43:23,72.68,71.78,71.24
2024-11-20 21:44:22,72.68,71.78,71.24
2024-11-20 21:45:22,72.68,71.78,71.24
2024-11-20 21:46:22,72.86,71.78,71.24
2024-11-20 21:47:21,72.86,71.78,71.24
2024-11-20 21:48:21,72.86,71.78,71.24
2024-11-20 21:49:21,72.68,71.78,71.24
2024-11-20 21:50:20,72.68,71.78,71.24
2024-11-20 21:51:20,72.68,71.78,71.24
2024-11-20 21:52:20,72.5,71.96,71.24
2024-11-20 21:53:19,72.14,71.96,71.24
2024-11-20 21:54:19,71.6,71.96,71.24
2024-11-20 21:55:19,71.24,71.96,71.24
2024-11-20 21:56:18,71.06,71.96,71.24
2024-11-20 21:57:18,70.7,71.96,71.24
2024-11-20 21:58:18,70.52,71.78,71.24
2024-11-20 21:59:17,70.16,71.78,71.24
2024-11-20 22:00:17,69.98,71.78,71.24
2024-11-20 22:01:17,69.98,71.78,71.24
2024-11-20 22:02:16,69.98,71.78,71.24
2024-11-20 22:03:16,69.98,71.78,71.24
2024-11-20 22:04:16,69.8,71.78,71.24
2024-11-20 22:05:16,69.44,71.78,71.24
2024-11-20 22:06:15,69.08,71.78,71.24
2024-11-20 22:07:15,68.72,71.6,71.24
2024-11-20 22:08:15,68.72,71.6,71.06
2024-11-20 22:09:14,68.9,71.6,71.06
2024-11-20 22:10:14,69.08,71.6,71.06
2024-11-20 22:11:14,69.08,71.42,71.06
2024-11-20 22:12:13,69.08,71.42,71.06
2024-11-20 22:13:13,68.9,71.42,70.88
2024-11-20 22:14:13,69.08,71.42,70.88
2024-11-20 22:15:12,69.08,71.42,70.88
2024-11-20 22:16:12,68.9,71.42,70.88
2024-11-20 22:17:12,68.9,71.42,70.88
2024-11-20 22:18:11,68.9,71.42,70.88
2024-11-20 22:19:11,68.72,71.24,70.88
2024-11-20 22:20:11,68.72,71.24,70.88
2024-11-20 22:21:10,68.72,71.24,70.88
2024-11-20 22:22:10,68.54,71.24,70.88
2024-11-20 22:23:10,68.72,71.24,70.88
2024-11-20 22:24:10,68.72,71.24,70.7
2024-11-20 22:25:09,69.08,71.24,70.7
2024-11-20 22:26:09,69.08,71.24,70.7
2024-11-20 22:27:09,69.26,71.24,70.7
2024-11-20 22:28:08,69.44,71.24,70.7
2024-11-20 22:29:08,69.62,71.24,70.7
2024-11-20 22:30:08,69.62,71.06,70.7
2024-11-20 22:31:07,69.98,71.06,70.7
2024-11-20 22:32:07,69.98,71.06,70.7
2024-11-20 22:33:07,69.98,71.06,70.52
2024-11-20 22:34:06,70.16,71.06,70.52
2024-11-20 22:35:06,70.16,71.06,70.52
2024-11-20 22:36:06,70.34,71.06,70.52
2024-11-20 22:37:05,70.34,71.06,70.52
2024-11-20 22:38:05,70.52,71.06,70.52
2024-11-20 22:39:05,70.52,70.88,70.34
2024-11-20 22:40:04,70.7,70.7,70.34
2024-11-20 22:41:04,70.88,70.52,70.16
2024-11-20 22:42:04,70.88,70.16,70.16
2024-11-20 22:43:04,70.88,69.8,69.98
2024-11-20 22:44:03,70.88,69.44,69.98
2024-11-20 22:45:03,70.88,69.08,69.98
2024-11-20 22:46:03,70.88,68.72,69.8
2024-11-20 22:47:02,70.88,68.54,69.62
2024-11-20 22:48:02,70.88,68.18,69.62
2024-11-20 22:49:02,70.88,68.18,69.44
2024-11-20 22:50:01,70.88,67.82,69.44
2024-11-20 22:51:01,71.06,67.64,69.26
2024-11-20 22:52:01,71.24,67.28,69.08
2024-11-20 22:53:00,71.24,67.28,69.08
2024-11-20 22:54:00,71.24,67.1,68.9
2024-11-20 22:55:01,71.06,66.92,68.72
2024-11-20 22:56:00,70.7,66.56,68.54
2024-11-20 22:57:00,70.52,66.38,68.36
2024-11-20 22:58:00,70.16,66.2,68.36
2024-11-20 22:58:59,69.98,65.84,68.18
2024-11-20 22:59:59,69.62,65.66,68.0
2024-11-20 23:00:59,69.44,65.3,67.82
2024-11-20 23:01:58,69.08,65.48,67.82
2024-11-20 23:02:58,68.9,65.84,67.64
2024-11-20 23:03:58,68.72,65.48,67.46
2024-11-20 23:04:58,68.72,65.3,67.28
2024-11-20 23:05:57,68.72,65.66,67.28
2024-11-20 23:06:57,68.36,65.48,66.92
2024-11-20 23:07:57,68.18,65.3,66.92
2024-11-20 23:08:56,68.18,65.12,66.74
2024-11-20 23:09:56,68.18,64.76,66.56
2024-11-20 23:10:56,68.18,64.58,66.38
2024-11-20 23:11:55,68.0,64.4,66.38
2024-11-20 23:12:55,67.82,64.22,66.2
2024-11-20 23:13:55,68.0,64.04,66.02
2024-11-20 23:14:54,68.0,63.86,66.02
2024-11-20 23:15:54,68.36,63.68,65.84
2024-11-20 23:16:54,68.36,63.5,65.84
2024-11-20 23:17:53,68.72,63.5,65.66
2024-11-20 23:18:53,68.9,63.32,65.48
2024-11-20 23:19:53,69.08,63.32,65.48
2024-11-20 23:20:52,69.26,63.68,65.48
2024-11-20 23:21:52,69.44,64.22,65.3
2024-11-20 23:22:52,69.44,64.04,65.3
2024-11-20 23:23:52,69.62,64.04,65.12
2024-11-20 23:24:51,69.8,64.22,65.12
2024-11-20 23:25:51,69.8,64.4,65.12
2024-11-20 23:26:51,69.98,64.22,65.12
2024-11-20 23:27:50,70.16,64.4,65.12
2024-11-20 23:28:50,70.16,64.58,65.3
2024-11-20 23:29:50,70.52,64.76,65.48
2024-11-20 23:30:49,70.52,64.94,65.48
2024-11-20 23:31:49,70.7,65.84,65.48
2024-11-20 23:32:49,70.88,66.02,65.66
2024-11-20 23:33:48,71.06,66.2,65.84
2024-11-20 23:34:48,71.06,66.38,65.84
2024-11-20 23:35:48,71.24,66.38,65.84
2024-11-20 23:36:47,71.42,66.56,66.02
2024-11-20 23:37:47,71.42,66.56,66.02
2024-11-20 23:38:47,71.42,66.74,66.02
2024-11-20 23:39:46,71.78,66.92,66.2
2024-11-20 23:40:46,71.78,66.92,66.38
2024-11-20 23:41:46,71.78,67.1,66.38
2024-11-20 23:42:45,71.78,67.1,66.56
2024-11-20 23:43:45,71.78,67.28,66.56
2024-11-20 23:44:45,71.78,67.28,66.56
2024-11-20 23:45:44,71.78,67.28,66.74
2024-11-20 23:46:44,71.78,67.64,66.74
2024-11-20 23:47:44,71.42,67.64,66.92
2024-11-20 23:48:44,71.42,67.82,66.92
2024-11-20 23:49:43,70.88,67.82,66.92
2024-11-20 23:50:43,70.52,67.82,66.92
2024-11-20 23:51:43,69.62,67.82,66.92
2024-11-20 23:52:42,69.26,67.82,67.1
2024-11-20 23:53:42,69.08,67.82,67.1
2024-11-20 23:54:42,69.08,68.0,67.28
2024-11-20 23:55:41,68.9,68.0,67.28
2024-11-20 23:56:41,68.72,68.0,67.28
2024-11-20 23:57:41,68.72,68.0,67.28
2024-11-20 23:58:40,68.72,68.18,67.28
2024-11-20 23:59:40,68.54,68.18,67.28
2024-11-21 00:00:40,68.54,68.18,67.28
2024-11-21 00:01:39,68.36,68.18,67.28
2024-11-21 00:02:39,68.36,68.18,67.46
2024-11-21 00:03:39,68.36,68.18,67.46
2024-11-21 00:04:38,68.36,68.18,67.46
2024-11-21 00:05:38,68.36,68.18,67.46
2024-11-21 00:06:38,68.36,68.18,67.46
2024-11-21 00:07:37,68.72,68.36,67.64
2024-11-21 00:08:37,69.08,68.36,67.64
2024-11-21 00:09:37,69.44,68.36,67.64
2024-11-21 00:10:36,69.62,68.36,67.64
2024-11-21 00:11:36,69.8,68.36,67.64
2024-11-21 00:12:36,69.98,68.36,67.64
2024-11-21 00:13:36,70.16,68.36,67.64
2024-11-21 00:14:35,70.16,68.54,67.82
2024-11-21 00:15:35,70.52,68.72,67.82
2024-11-21 00:16:35,70.52,68.72,67.82
2024-11-21 00:17:34,70.88,68.72,67.82
2024-11-21 00:18:34,70.88,68.72,67.82
2024-11-21 00:19:34,71.06,68.72,67.82
2024-11-21 00:20:33,71.06,68.9,68.0
2024-11-21 00:21:33,71.24,68.9,68.0
2024-11-21 00:22:33,71.24,68.9,68.0
2024-11-21 00:23:32,71.42,69.08,68.18
2024-11-21 00:24:32,71.42,69.08,68.18
2024-11-21 00:25:32,71.42,69.08,68.18
2024-11-21 00:26:31,71.42,69.08,68.18
2024-11-21 00:27:31,71.6,69.08,68.36
2024-11-21 00:28:31,71.78,69.26,68.36
2024-11-21 00:29:30,71.78,69.26,68.36
2024-11-21 00:30:30,71.96,69.44,68.36
2024-11-21 00:31:30,71.96,69.44,68.36
2024-11-21 00:32:29,71.96,69.44,68.54
2024-11-21 00:33:29,71.96,69.44,68.54
2024-11-21 00:34:29,71.96,69.62,68.72
2024-11-21 00:35:28,72.14,69.62,68.72
2024-11-21 00:36:28,71.96,69.62,68.72
2024-11-21 00:37:28,71.96,69.62,68.72
2024-11-21 00:38:28,71.78,69.62,68.72
2024-11-21 00:39:27,71.6,69.62,68.72
2024-11-21 00:40:27,71.42,69.62,68.72
2024-11-21 00:41:27,71.24,69.62,68.9
2024-11-21 00:42:26,71.06,69.8,68.9
2024-11-21 00:43:26,70.7,69.8,68.9
2024-11-21 00:44:26,70.52,69.8,68.9
2024-11-21 00:45:25,70.34,69.98,68.9
2024-11-21 00:46:25,69.98,69.98,68.9
2024-11-21 00:47:25,69.8,69.98,69.08
2024-11-21 00:48:24,69.8,69.98,69.08
2024-11-21 00:49:24,69.8,69.98,69.08
2024-11-21 00:50:24,69.62,69.98,69.08
2024-11-21 00:51:23,69.62,69.98,69.08
2024-11-21 00:52:23,69.44,69.98,69.08
2024-11-21 00:53:23,69.44,69.98,69.08
2024-11-21 00:54:22,69.44,69.98,69.08
2024-11-21 00:55:22,69.26,69.98,69.08
2024-11-21 00:56:22,69.08,69.98,69.08
2024-11-21 00:57:21,69.08,69.98,69.08
2024-11-21 00:58:21,69.08,69.98,69.08
2024-11-21 00:59:21,69.08,69.98,69.08
2024-11-21 01:00:20,69.08,69.98,69.08
2024-11-21 01:01:20,69.44,69.98,69.08
2024-11-21 01:02:20,69.62,69.98,69.08
2024-11-21 01:03:20,69.98,69.98,69.08
2024-11-21 01:04:19,70.16,69.98,69.08
2024-11-21 01:05:19,70.16,69.98,69.08
2024-11-21 01:06:19,70.52,69.98,69.08
2024-11-21 01:07:18,70.7,69.98,69.26
2024-11-21 01:08:18,70.88,70.16,69.26
2024-11-21 01:09:18,70.88,70.16,69.26
2024-11-21 01:10:17,71.24,70.16,69.26
2024-11-21 01:11:17,71.24,70.16,69.26
2024-11-21 01:12:17,71.24,70.16,69.26
2024-11-21 01:13:16,71.24,70.16,69.44
2024-11-21 01:14:16,71.42,70.34,69.44
2024-11-21 01:15:16,71.42,70.34,69.44
2024-11-21 01:16:15,71.6,70.34,69.44
2024-11-21 01:17:15,71.78,70.52,69.44
2024-11-21 01:18:15,71.78,70.52,69.44
2024-11-21 01:19:14,71.6,70.52,69.44
2024-11-21 01:20:14,71.42,70.52,69.44
2024-11-21 01:21:14,71.24,70.52,69.44
2024-11-21 01:22:13,70.52,70.52,69.62
2024-11-21 01:23:13,69.98,70.52,69.62
2024-11-21 01:24:13,69.44,70.52,69.62
2024-11-21 01:25:12,69.08,70.52,69.62
2024-11-21 01:26:12,68.72,70.52,69.62
2024-11-21 01:27:12,68.36,70.52,69.62
2024-11-21 01:28:12,68.36,70.52,69.62
2024-11-21 01:29:11,68.36,70.52,69.62
2024-11-21 01:30:11,68.36,70.52,69.62
2024-11-21 01:31:11,68.36,70.52,69.62
2024-11-21 01:32:10,68.18,70.52,69.62
2024-11-21 01:33:10,68.18,70.52,69.62
2024-11-21 01:34:10,68.18,70.52,69.62
2024-11-21 01:35:09,68.18,70.52,69.62
2024-11-21 01:36:09,68.0,70.52,69.62
2024-11-21 01:37:09,68.18,70.52,69.62
2024-11-21 01:38:08,67.82,70.52,69.62
2024-11-21 01:39:08,67.82,70.34,69.62
2024-11-21 01:40:08,68.0,70.34,69.62
2024-11-21 01:41:07,68.0,70.34,69.62
2024-11-21 01:42:07,68.54,70.34,69.62
2024-11-21 01:43:07,68.9,70.34,69.62
2024-11-21 01:44:06,69.26,70.34,69.62
2024-11-21 01:45:06,69.62,70.34,69.62
2024-11-21 01:46:06,69.98,70.34,69.62
2024-11-21 01:47:05,70.16,70.34,69.62
2024-11-21 01:48:05,70.52,70.34,69.62
2024-11-21 01:49:05,70.7,70.52,69.62
2024-11-21 01:50:04,70.88,70.52,69.62
2024-11-21 01:51:04,70.88,70.52,69.62
2024-11-21 01:52:04,71.06,70.52,69.62
2024-11-21 01:53:03,71.24,70.52,69.62
2024-11-21 01:54:03,71.24,70.52,69.62
2024-11-21 01:55:03,71.24,70.52,69.62
2024-11-21 01:56:02,71.42,70.52,69.62
2024-11-21 01:57:02,71.42,70.52,69.8
2024-11-21 01:58:02,71.42,70.52,69.8
2024-11-21 01:59:01,71.42,70.7,69.8
2024-11-21 02:00:01,71.6,70.7,69.8
2024-11-21 02:01:01,71.6,70.7,69.8
2024-11-21 02:02:00,71.78,70.7,69.8
2024-11-21 02:03:00,71.78,70.88,69.98
2024-11-21 02:04:00,71.78,70.88,69.98
2024-11-21 02:05:00,71.96,70.88,69.98
2024-11-21 02:05:59,71.96,70.88,69.98
2024-11-21 02:06:59,71.96,70.88,69.98
2024-11-21 02:07:59,71.96,70.88,69.98
2024-11-21 02:08:58,71.78,70.88,69.98
2024-11-21 02:09:58,71.78,70.88,69.98
2024-11-21 02:10:58,71.6,70.88,69.98
2024-11-21 02:11:57,71.6,70.88,69.98
2024-11-21 02:12:57,71.6,70.88,69.98
2024-11-21 02:13:57,71.42,70.88,69.98
2024-11-21 02:14:56,71.42,71.24,70.16
2024-11-21 02:15:56,71.42,71.24,70.16
2024-11-21 02:16:57,71.42,71.24,70.16
2024-11-21 02:17:56,71.42,71.24,70.16
2024-11-21 02:18:56,71.24,71.24,70.16
2024-11-21 02:19:56,71.24,71.06,70.16
2024-11-21 02:20:56,71.24,71.06,70.16
2024-11-21 02:21:55,71.24,71.24,70.16
2024-11-21 02:22:55,71.24,71.24,70.16
2024-11-21 02:23:55,71.24,71.24,70.16
2024-11-21 02:24:54,71.24,71.24,70.16
2024-11-21 02:25:54,71.06,71.24,70.16
2024-11-21 02:26:54,71.24,71.24,70.16
2024-11-21 02:27:53,71.24,71.24,70.16
2024-11-21 02:28:53,71.06,71.24,70.16
2024-11-21 02:29:53,71.06,71.24,70.16
2024-11-21 02:30:52,71.06,71.24,70.16
2024-11-21 02:31:52,71.06,71.24,70.16
2024-11-21 02:32:52,70.88,71.24,70.16
2024-11-21 02:33:51,70.88,71.24,70.16
2024-11-21 02:34:51,70.88,71.24,70.16
2024-11-21 02:35:51,70.7,71.24,70.16
2024-11-21 02:36:50,70.52,71.24,70.16
2024-11-21 02:37:50,70.34,71.24,70.16
2024-11-21 02:38:50,70.34,71.24,70.16
2024-11-21 02:39:50,70.34,71.24,70.16
2024-11-21 02:40:49,70.16,71.24,70.16
2024-11-21 02:41:49,70.16,71.06,70.16
2024-11-21 02:42:49,70.16,71.06,70.16
2024-11-21 02:43:48,69.98,71.06,70.16
2024-11-21 02:44:48,70.16,71.06,70.16
2024-11-21 02:45:48,70.16,71.06,70.16
2024-11-21 02:46:47,69.98,71.06,70.16
2024-11-21 02:47:47,69.98,71.06,70.16
2024-11-21 02:48:47,69.8,71.06,70.16
2024-11-21 02:49:46,69.98,71.06,70.16
2024-11-21 02:50:46,70.16,71.06,70.16
2024-11-21 02:51:46,70.16,71.06,70.16
2024-11-21 02:52:45,70.34,71.06,70.16
2024-11-21 02:53:45,70.52,71.06,70.16
2024-11-21 02:54:45,70.7,71.06,70.16
2024-11-21 02:55:44,70.88,71.06,70.16
2024-11-21 02:56:44,70.88,71.06,70.16
2024-11-21 02:57:44,71.24,71.24,70.16
2024-11-21 02:58:44,71.24,71.24,70.16
2024-11-21 02:59:43,71.42,71.24,70.16
2024-11-21 03:00:43,71.42,71.24,70.16
2024-11-21 03:01:43,71.42,71.24,70.16
2024-11-21 03:02:42,71.6,71.24,70.16
2024-11-21 03:03:42,71.78,71.24,70.16
2024-11-21 03:04:42,71.78,71.24,70.34
2024-11-21 03:05:41,71.78,71.24,70.34
2024-11-21 03:06:41,71.96,71.24,70.34
2024-11-21 03:07:41,71.96,71.24,70.34
2024-11-21 03:08:40,71.96,71.24,70.34
2024-11-21 03:09:40,71.96,71.24,70.34
2024-11-21 03:10:40,72.14,71.42,70.34
2024-11-21 03:11:39,72.14,71.42,70.34
2024-11-21 03:12:39,72.14,71.42,70.52
2024-11-21 03:13:39,72.32,71.42,70.52
2024-11-21 03:14:38,72.32,71.42,70.52
2024-11-21 03:15:38,72.32,71.42,70.52
2024-11-21 03:16:38,72.32,71.42,70.52
2024-11-21 03:17:37,72.5,71.42,70.52
2024-11-21 03:18:37,72.5,71.42,70.52
2024-11-21 03:19:37,72.5,71.6,70.52
2024-11-21 03:20:36,72.5,71.6,70.52
2024-11-21 03:21:36,72.68,71.78,70.52
2024-11-21 03:22:36,72.68,71.78,70.52
2024-11-21 03:23:36,72.68,71.78,70.7
2024-11-21 03:24:35,72.68,71.78,70.7
2024-11-21 03:25:35,72.68,71.78,70.7
2024-11-21 03:26:35,72.5,71.78,70.7
2024-11-21 03:27:34,72.32,71.78,70.7
2024-11-21 03:28:34,72.14,71.78,70.7
2024-11-21 03:29:34,71.96,71.78,70.7
2024-11-21 03:30:33,71.78,71.78,70.7
2024-11-21 03:31:33,71.6,71.78,70.7
2024-11-21 03:32:33,71.24,71.78,70.7
2024-11-21 03:33:32,71.06,71.78,70.7
2024-11-21 03:34:32,70.88,71.78,70.7
2024-11-21 03:35:32,70.52,71.78,70.7
2024-11-21 03:36:31,70.52,71.78,70.7
2024-11-21 03:37:31,70.34,71.78,70.7
2024-11-21 03:38:31,70.16,71.78,70.7
2024-11-21 03:39:30,70.16,71.78,70.7
2024-11-21 03:40:30,69.98,71.78,70.7
2024-11-21 03:41:30,69.8,71.78,70.7
2024-11-21 03:42:29,69.62,71.6,70.7
2024-11-21 03:43:29,69.44,71.6,70.7
2024-11-21 03:44:29,69.44,71.6,70.7
2024-11-21 03:45:28,69.44,71.6,70.7
2024-11-21 03:46:28,69.44,71.6,70.7
2024-11-21 03:47:28,69.26,71.42,70.7
2024-11-21 03:48:27,69.26,71.42,70.7
2024-11-21 03:49:27,69.44,71.42,70.7
2024-11-21 03:50:27,69.62,71.42,70.52
2024-11-21 03:51:26,69.8,71.42,70.52
2024-11-21 03:52:26,70.16,71.42,70.52
2024-11-21 03:53:26,70.34,71.42,70.52
2024-11-21 03:54:26,70.7,71.42,70.52
2024-11-21 03:55:25,70.88,71.42,70.52
2024-11-21 03:56:25,71.24,71.42,70.7
2024-11-21 03:57:25,71.24,71.42,70.7
2024-11-21 03:58:24,71.42,71.42,70.7
2024-11-21 03:59:24,71.42,71.42,70.7
2024-11-21 04:00:24,71.6,71.42,70.7
2024-11-21 04:01:23,71.6,71.42,70.7
2024-11-21 04:02:23,71.6,71.6,70.7
2024-11-21 04:03:23,71.78,71.6,70.7
2024-11-21 04:04:22,71.78,71.6,70.7
2024-11-21 04:05:22,71.78,71.6,70.7
2024-11-21 04:06:22,71.96,71.6,70.7
2024-11-21 04:07:21,71.96,71.6,70.7
2024-11-21 04:08:21,71.96,71.6,70.7
2024-11-21 04:09:21,71.96,71.6,70.88
2024-11-21 04:10:20,72.14,71.78,70.88
2024-11-21 04:11:20,72.32,71.78,70.88
2024-11-21 04:12:20,72.32,71.78,70.88
2024-11-21 04:13:20,72.32,71.78,70.88
2024-11-21 04:14:19,72.68,71.78,70.88
2024-11-21 04:15:19,72.68,71.78,70.88
2024-11-21 04:16:19,72.68,71.78,70.88
2024-11-21 04:17:18,72.68,71.78,70.88
2024-11-21 04:18:18,72.68,71.78,70.88
2024-11-21 04:19:18,72.86,71.78,70.88
2024-11-21 04:20:17,72.86,71.96,70.88
2024-11-21 04:21:17,72.68,71.96,70.88
2024-11-21 04:22:17,72.68,71.96,70.88
2024-11-21 04:23:16,72.32,71.96,70.88
2024-11-21 04:24:16,71.96,71.96,71.06
2024-11-21 04:25:16,71.78,71.96,71.06
2024-11-21 04:26:15,71.42,71.96,70.88
2024-11-21 04:27:15,71.24,71.96,71.06
2024-11-21 04:28:15,70.88,71.96,71.06
2024-11-21 04:29:14,70.88,71.96,71.06
2024-11-21 04:30:14,70.88,71.96,70.88
2024-11-21 04:31:14,70.7,71.78,70.88
2024-11-21 04:32:13,70.52,71.78,71.06
2024-11-21 04:33:13,70.52,71.78,71.06
2024-11-21 04:34:13,70.52,71.78,70.88
2024-11-21 04:35:12,70.52,71.78,70.88
2024-11-21 04:36:12,70.52,71.78,70.88
2024-11-21 04:37:12,70.34,71.78,70.88
2024-11-21 04:38:12,70.34,71.78,70.88
2024-11-21 04:39:11,70.34,71.78,70.88
2024-11-21 04:40:11,70.16,71.78,70.88
2024-11-21 04:41:11,70.16,71.78,70.88
2024-11-21 04:42:10,70.16,71.78,70.88
2024-11-21 04:43:11,69.98,71.78,70.88
2024-11-21 04:44:11,70.16,71.78,70.88
2024-11-21 04:45:10,69.98,71.78,70.88
2024-11-21 04:46:10,70.16,71.6,70.88
2024-11-21 04:47:10,70.34,71.6,70.88
2024-11-21 04:48:09,70.52,71.6,70.88
2024-11-21 04:49:09,70.88,71.6,70.88
2024-11-21 04:50:09,71.24,71.6,70.88
2024-11-21 04:51:08,71.24,71.6,70.88
2024-11-21 04:52:08,71.42,71.6,70.88
2024-11-21 04:53:08,71.42,71.6,70.88
2024-11-21 04:54:08,71.6,71.6,70.88
2024-11-21 04:55:07,71.78,71.6,70.88
2024-11-21 04:56:07,71.78,71.6,70.88
2024-11-21 04:57:07,71.78,71.6,70.88
2024-11-21 04:58:06,71.96,71.6,70.88
2024-11-21 04:59:06,71.96,71.78,70.88
2024-11-21 05:00:06,71.96,71.78,70.88
2024-11-21 05:01:05,71.96,71.78,70.88
2024-11-21 05:02:05,72.14,71.78,70.88
2024-11-21 05:03:05,72.14,71.78,70.88
2024-11-21 05:04:04,72.32,71.78,70.88
2024-11-21 05:05:04,72.5,71.78,70.88
2024-11-21 05:06:04,72.68,71.78,71.06
2024-11-21 05:07:03,72.68,71.78,71.06
2024-11-21 05:08:03,72.68,71.78,71.06
2024-11-21 05:09:03,72.86,71.78,71.06
2024-11-21 05:10:02,73.04,71.96,71.06
2024-11-21 05:11:02,73.04,71.96,71.06
2024-11-21 05:12:02,73.04,71.96,71.06
2024-11-21 05:13:01,73.04,71.96,71.06
2024-11-21 05:14:01,73.22,71.96,71.24
2024-11-21 05:15:01,73.04,71.96,71.24
2024-11-21 05:16:00,73.22,71.96,71.24
2024-11-21 05:17:00,73.04,71.96,71.24
2024-11-21 05:18:00,73.04,71.96,71.24
2024-11-21 05:19:00,72.68,71.96,71.24
2024-11-21 05:19:59,72.32,71.96,71.24
2024-11-21 05:20:59,71.78,71.96,71.24
2024-11-21 05:21:59,71.24,71.96,71.24
2024-11-21 05:22:58,70.88,71.96,71.24
2024-11-21 05:23:58,70.52,71.96,71.24
2024-11-21 05:24:58,70.16,71.96,71.24
2024-11-21 05:25:57,69.62,71.96,71.24
2024-11-21 05:26:57,69.26,71.96,71.24
2024-11-21 05:27:57,69.08,71.96,71.24
2024-11-21 05:28:56,68.9,71.96,71.24
2024-11-21 05:29:56,68.72,71.96,71.24
2024-11-21 05:30:56,68.72,71.96,71.24
2024-11-21 05:31:55,68.72,71.96,71.24
2024-11-21 05:32:55,68.9,71.78,71.24
2024-11-21 05:33:55,68.9,71.78,71.06
2024-11-21 05:34:54,69.08,71.78,71.06
2024-11-21 05:35:54,69.08,71.78,71.06
2024-11-21 05:36:54,69.08,71.78,71.06
2024-11-21 05:37:53,69.08,71.78,71.06
2024-11-21 05:38:53,69.26,71.78,71.06
2024-11-21 05:39:53,69.26,71.78,71.06
2024-11-21 05:40:52,69.26,71.78,71.06
2024-11-21 05:41:52,69.62,71.78,71.06
2024-11-21 05:42:52,69.62,71.78,70.88
2024-11-21 05:43:52,69.98,71.78,70.88
2024-11-21 05:44:51,70.16,71.78,70.88
2024-11-21 05:45:51,70.52,71.6,70.88
2024-11-21 05:46:51,70.88,71.6,70.88
2024-11-21 05:47:50,71.24,71.6,70.88
2024-11-21 05:48:50,71.24,71.6,70.88
2024-11-21 05:49:50,71.42,71.6,70.88
2024-11-21 05:50:49,71.42,71.78,70.88
2024-11-21 05:51:49,71.6,71.78,70.88
2024-11-21 05:52:49,71.78,71.78,70.88
2024-11-21 05:53:48,71.96,71.78,70.88
2024-11-21 05:54:48,71.96,71.78,70.88
2024-11-21 05:55:48,71.96,71.78,70.88
2024-11-21 05:56:47,72.14,71.78,70.88
2024-11-21 05:57:47,72.14,71.78,71.06
2024-11-21 05:58:47,72.14,71.78,71.06
2024-11-21 05:59:46,72.14,71.78,71.06
2024-11-21 06:00:46,72.14,71.78,71.06
2024-11-21 06:01:46,72.14,71.78,71.06
2024-11-21 06:02:45,72.32,71.78,71.06
2024-11-21 06:03:45,72.5,71.78,71.06
2024-11-21 06:04:45,72.68,71.78,71.06
2024-11-21 06:05:44,72.68,71.78,71.06
2024-11-21 06:06:44,72.68,71.78,71.06
2024-11-21 06:07:44,72.68,71.78,71.06
2024-11-21 06:08:44,72.68,71.78,71.06
2024-11-21 06:09:43,72.68,71.96,71.06
2024-11-21 06:10:43,72.68,71.96,71.06
2024-11-21 06:11:43,72.68,71.96,71.24
2024-11-21 06:12:42,72.68,71.96,71.24
2024-11-21 06:13:42,72.68,71.96,71.24
2024-11-21 06:14:42,72.68,71.96,71.24
2024-11-21 06:15:41,72.86,71.96,71.24
2024-11-21 06:16:41,72.86,71.96,71.24
2024-11-21 06:17:41,72.86,71.96,71.24
2024-11-21 06:18:40,72.86,71.96,71.24
2024-11-21 06:19:40,72.86,71.96,71.24
2024-11-21 06:20:40,72.86,71.96,71.24
2024-11-21 06:21:39,72.86,71.96,71.24
2024-11-21 06:22:39,72.86,71.96,71.24
2024-11-21 06:23:39,72.86,71.96,71.24
2024-11-21 06:24:38,72.86,71.96,71.24
2024-11-21 06:25:38,73.04,71.96,71.24
2024-11-21 06:26:38,73.04,72.14,71.24
2024-11-21 06:27:37,73.04,72.14,71.24
2024-11-21 06:28:37,73.04,72.14,71.24
2024-11-21 06:29:37,73.22,72.14,71.24
2024-11-21 06:30:36,73.22,72.14,71.24
2024-11-21 06:31:36,73.22,72.14,71.24
2024-11-21 06:32:36,73.22,72.32,71.42
2024-11-21 06:33:36,73.4,72.32,71.42
2024-11-21 06:34:35,73.22,72.32,71.42
2024-11-21 06:35:35,73.4,72.32,71.42
2024-11-21 06:36:35,73.4,72.32,71.42
2024-11-21 06:37:34,73.58,72.32,71.42
2024-11-21 06:38:34,73.58,72.32,71.42
2024-11-21 06:39:34,73.58,72.32,71.42
2024-11-21 06:40:33,73.76,72.32,71.42
2024-11-21 06:41:33,73.76,72.32,71.42
2024-11-21 06:42:33,73.58,72.32,71.42
2024-11-21 06:43:32,73.76,72.32,71.42
2024-11-21 06:44:32,73.76,72.32,71.42
2024-11-21 06:45:32,73.58,72.32,71.42
2024-11-21 06:46:31,73.58,72.32,71.42
2024-11-21 06:47:31,73.58,72.5,71.42
2024-11-21 06:48:31,73.58,72.5,71.42
2024-11-21 06:49:30,73.58,72.5,71.42
2024-11-21 06:50:30,73.4,72.5,71.6
2024-11-21 06:51:30,73.4,72.5,71.6
2024-11-21 06:52:29,73.4,72.5,71.6
2024-11-21 06:53:29,73.58,72.5,71.6
2024-11-21 06:54:29,73.58,72.68,71.6
2024-11-21 06:55:28,73.4,72.5,71.6
2024-11-21 06:56:28,73.4,72.68,71.6
2024-11-21 06:57:28,73.4,72.68,71.6
2024-11-21 06:58:28,73.4,72.68,71.6
2024-11-21 06:59:27,73.4,72.68,71.78
2024-11-21 07:00:27,73.58,72.68,71.78
2024-11-21 07:01:27,73.58,72.68,71.78
2024-11-21 07:02:26,73.58,72.68,71.78
2024-11-21 07:03:26,73.58,72.68,71.78
2024-11-21 07:04:26,73.58,72.68,71.78
2024-11-21 07:05:25,73.58,72.68,71.78
2024-11-21 07:06:25,73.58,72.68,71.78
2024-11-21 07:07:25,73.58,72.68,71.78
2024-11-21 07:08:24,73.76,72.68,71.78
2024-11-21 07:09:24,73.76,72.68,71.78
2024-11-21 07:10:24,73.76,72.68,71.78
2024-11-21 07:11:23,73.76,72.86,71.78
2024-11-21 07:12:23,73.76,72.86,71.78
2024-11-21 07:13:23,73.76,72.86,71.78
2024-11-21 07:14:22,73.76,72.86,71.78
2024-11-21 07:15:22,73.76,72.86,71.78
2024-11-21 07:16:22,73.76,73.04,71.78
2024-11-21 07:17:21,73.76,72.86,71.78
2024-11-21 07:18:21,73.76,72.86,71.96
2024-11-21 07:19:21,73.94,73.04,71.96
2024-11-21 07:20:20,73.94,73.04,71.96
2024-11-21 07:21:20,73.94,73.04,71.96
2024-11-21 07:22:20,73.76,73.04,71.96
2024-11-21 07:23:20,73.76,73.04,71.96
2024-11-21 07:24:19,73.76,73.04,71.96
2024-11-21 07:25:19,73.76,73.04,71.96
2024-11-21 07:26:19,73.76,73.04,71.96
2024-11-21 07:27:18,73.58,73.04,71.96
2024-11-21 07:28:18,73.76,73.04,71.96
2024-11-21 07:29:18,73.76,73.04,71.96
2024-11-21 07:30:17,73.58,73.04,71.96
2024-11-21 07:31:18,73.58,73.04,71.96
2024-11-21 07:32:18,73.58,73.04,71.96
2024-11-21 07:33:17,73.58,73.04,71.96
2024-11-21 07:34:17,73.58,73.04,71.96
2024-11-21 07:35:17,73.58,73.04,71.96
2024-11-21 07:36:16,73.58,73.22,71.96
2024-11-21 07:37:16,73.58,73.04,71.96
2024-11-21 07:38:16,73.4,73.22,71.96
2024-11-21 07:39:16,73.58,73.22,71.96
2024-11-21 07:40:15,73.58,73.22,71.96
2024-11-21 07:41:15,73.58,73.22,71.96
2024-11-21 07:42:15,73.58,73.22,72.14
2024-11-21 07:43:14,73.58,73.22,72.14
2024-11-21 07:44:14,73.58,73.22,72.14
2024-11-21 07:45:14,73.58,73.22,72.14
2024-11-21 07:46:13,73.58,73.22,72.14
2024-11-21 07:47:13,73.58,73.22,72.14
2024-11-21 07:48:13,73.58,73.22,72.14
2024-11-21 07:49:12,73.76,73.22,72.14
2024-11-21 07:50:12,73.76,73.22,72.14
2024-11-21 07:51:12,73.76,73.22,72.14
2024-11-21 07:52:11,73.76,73.22,72.14
2024-11-21 07:53:11,73.58,73.22,72.14
2024-11-21 07:54:11,73.58,73.22,72.14
2024-11-21 07:55:10,73.4,73.22,72.14
2024-11-21 07:56:10,73.22,73.22,72.14
2024-11-21 07:57:10,73.22,73.22,72.14
2024-11-21 07:58:09,73.22,73.22,72.14
2024-11-21 07:59:09,73.04,73.22,72.14
2024-11-21 08:00:09,73.04,73.22,72.14
2024-11-21 08:01:08,72.86,73.22,72.14
2024-11-21 08:02:08,72.68,73.22,72.14
2024-11-21 08:03:08,72.68,73.22,72.14
2024-11-21 08:04:08,72.68,73.22,72.14
2024-11-21 08:05:07,72.68,73.22,72.14
2024-11-21 08:06:07,72.68,73.22,72.14
2024-11-21 08:07:07,72.5,73.22,72.14
2024-11-21 08:08:06,72.32,73.22,72.14
2024-11-21 08:09:06,72.32,73.04,72.14
2024-11-21 08:10:06,72.32,73.04,72.14
2024-11-21 08:11:05,72.14,73.04,72.14
2024-11-21 08:12:05,72.14,73.04,72.14
2024-11-21 08:13:05,71.96,73.22,72.14
2024-11-21 08:14:04,71.96,73.04,72.14
2024-11-21 08:15:04,71.96,73.04,72.14
2024-11-21 08:16:04,71.96,73.04,72.14
2024-11-21 08:17:03,71.78,73.04,71.96
2024-11-21 08:18:03,71.78,73.04,71.96
2024-11-21 08:19:03,71.78,73.04,71.96
2024-11-21 08:20:02,71.78,73.04,71.96
2024-11-21 08:21:02,71.78,73.04,71.96
2024-11-21 08:22:02,71.6,73.04,71.96
2024-11-21 08:23:01,71.6,73.04,71.96
2024-11-21 08:24:01,71.6,72.86,71.96
2024-11-21 08:25:01,71.42,72.86,71.96
2024-11-21 08:26:00,71.42,72.86,71.96
2024-11-21 08:27:00,71.42,72.86,71.96
2024-11-21 08:28:00,71.42,72.86,71.96
2024-11-21 08:28:59,71.6,72.68,71.96
2024-11-21 08:29:59,71.78,72.68,71.96
2024-11-21 08:30:59,71.78,72.68,71.96
2024-11-21 08:31:58,71.78,72.68,71.96
2024-11-21 08:32:58,71.78,72.68,71.96
2024-11-21 08:33:58,71.96,72.68,71.96
2024-11-21 08:34:58,71.96,72.68,71.96
2024-11-21 08:35:57,71.96,72.68,71.96
2024-11-21 08:36:57,71.96,72.68,71.96
2024-11-21 08:37:57,72.14,72.68,71.96
2024-11-21 08:38:56,72.14,72.68,71.96
2024-11-21 08:39:56,72.14,72.68,71.96
2024-11-21 08:40:56,72.14,72.68,71.96
2024-11-21 08:41:55,72.14,72.68,71.96
2024-11-21 08:42:55,72.14,72.68,71.96
2024-11-21 08:43:55,72.14,72.68,71.96
2024-11-21 08:44:54,72.14,72.68,71.96
2024-11-21 08:45:54,72.32,72.68,71.96
2024-11-21 08:46:54,72.14,72.68,71.96
2024-11-21 08:47:53,71.96,72.68,71.96
2024-11-21 08:48:53,71.96,72.68,71.96
2024-11-21 08:49:53,71.78,72.68,71.96
2024-11-21 08:50:52,71.6,72.68,71.78
2024-11-21 08:51:52,71.24,72.68,71.78
2024-11-21 08:52:52,71.24,72.68,71.78
2024-11-21 08:53:52,71.06,72.68,71.78
2024-11-21 08:54:51,70.88,72.68,71.78
2024-11-21 08:55:51,70.7,72.5,71.78
2024-11-21 08:56:51,70.52,72.5,71.78
2024-11-21 08:57:50,70.52,72.5,71.78
2024-11-21 08:58:50,70.34,72.5,71.78
2024-11-21 08:59:50,70.34,72.5,71.78
2024-11-21 09:00:49,70.16,72.32,71.78
2024-11-21 09:01:49,70.16,72.32,71.78
2024-11-21 09:02:49,69.98,72.32,71.78
2024-11-21 09:03:48,69.98,72.32,71.6
2024-11-21 09:04:48,69.98,72.32,71.6
